timestamp,x0,x1,x2,x3,is_anomaly
0,29.00,22.00,40.00,14.00,0
1,29.86,21.83,40.11,13.80,0
2,29.82,21.33,40.65,13.45,0
3,27.52,21.58,40.32,13.76,0
4,26.88,22.86,39.05,14.54,0
5,27.69,23.13,38.85,15.12,0
6,27.20,22.88,39.30,14.82,0
7,27.47,22.82,38.91,15.10,0
8,28.41,22.73,39.13,14.89,0
9,30.11,22.37,39.60,14.45,0
10,28.86,21.66,40.45,13.27,0
11,29.93,22.03,40.04,13.95,0
12,29.42,21.62,40.38,13.53,0
13,31.42,21.74,40.25,13.65,0
14,32.49,20.77,41.46,12.75,0
15,32.90,20.15,41.98,12.14,0
16,31.68,20.06,42.06,12.17,0
17,28.94,20.41,41.17,12.76,0
18,29.60,21.86,40.20,14.18,0
19,29.97,21.74,40.26,13.93,0
20,28.63,21.64,40.44,13.30,0
21,28.79,22.40,40.00,14.31,0
22,28.31,21.93,39.98,14.00,0
23,27.48,22.40,39.65,14.35,0
24,28.15,22.70,39.09,14.99,0
25,28.18,22.46,39.71,14.33,0
26,29.21,22.37,39.71,14.17,0
27,30.25,21.80,40.33,13.72,0
28,29.39,21.42,40.50,13.36,0
29,28.83,21.65,40.40,13.93,0
30,30.90,22.01,39.73,14.22,0
31,30.66,20.80,41.14,13.00,0
32,30.24,21.32,40.87,13.33,0
33,31.98,21.58,40.85,13.36,0
34,32.90,20.70,41.54,12.52,0
35,33.29,20.24,41.79,11.93,0
36,34.47,19.71,41.96,12.10,0
37,34.17,19.39,42.85,11.52,0
38,34.00,19.51,42.76,11.23,0
39,35.08,19.54,42.28,11.45,0
40,35.04,19.14,43.21,11.03,0
41,36.79,18.86,43.07,10.84,0
42,35.49,18.24,43.81,10.08,0
43,36.60,18.60,43.19,10.88,0
44,36.33,18.14,43.81,10.42,0
45,37.43,18.12,43.57,10.57,0
46,37.78,17.55,44.20,9.61,0
47,38.08,17.40,44.63,9.81,0
48,39.15,17.64,44.51,9.22,0
49,40.93,17.09,44.98,8.99,0
50,40.27,16.26,45.94,8.09,0
51,41.61,16.45,45.51,8.35,0
52,41.81,15.45,46.45,7.60,0
53,40.58,15.77,46.31,7.54,0
54,41.01,16.11,45.77,8.20,0
55,40.44,15.94,45.86,7.80,0
56,39.32,16.27,45.80,8.30,0
57,40.56,16.64,45.38,8.61,0
58,39.01,16.44,45.81,8.18,0
59,38.05,17.10,44.82,8.93,0
60,37.09,17.65,44.69,9.35,0
61,35.62,18.13,44.06,9.84,0
62,35.80,18.89,43.26,10.50,0
63,35.14,18.78,43.33,10.36,0
64,35.27,18.78,43.29,10.72,0
65,35.88,19.08,43.19,10.84,0
66,36.77,18.35,43.46,10.37,0
67,36.60,17.98,43.69,10.23,0
68,36.76,18.40,43.80,10.33,0
69,36.05,18.14,43.81,9.88,0
70,36.51,18.43,43.69,10.50,0
71,37.54,18.08,43.89,10.25,0
72,36.75,17.87,44.49,9.64,0
73,38.54,18.04,43.69,10.21,0
74,39.06,17.04,44.85,9.30,0
75,40.06,17.04,45.26,8.93,0
76,39.57,16.36,45.40,8.45,0
77,39.37,16.50,45.46,8.61,0
78,38.92,16.95,45.02,8.81,0
79,38.71,17.24,44.94,8.91,0
80,37.54,17.19,44.89,9.06,0
81,36.92,17.67,44.20,9.67,0
82,35.91,18.14,44.04,9.91,0
83,36.10,18.54,43.33,10.44,0
84,35.41,18.22,43.55,10.65,0
85,35.53,19.03,43.39,10.94,0
86,32.83,18.52,43.35,10.69,0
87,33.53,20.30,41.77,12.04,0
88,32.20,19.89,42.35,11.68,0
89,31.83,20.64,41.58,12.57,0
90,32.26,20.62,41.63,12.81,0
91,32.11,20.58,41.44,12.27,0
92,32.01,20.25,41.79,12.46,0
93,33.05,20.41,41.46,12.25,0
94,31.08,19.82,42.06,11.79,0
95,30.92,20.86,41.18,12.98,0
96,31.63,21.22,40.73,12.96,0
97,30.42,20.57,41.37,12.53,0
98,30.30,21.40,40.80,13.49,0
99,29.77,21.38,40.80,13.50,0
100,29.99,21.65,40.38,13.39,0
101,31.11,21.42,40.33,13.67,0
102,30.25,20.90,41.01,12.84,0
103,28.80,21.34,40.52,13.29,0
104,30.57,22.18,39.81,13.93,0
105,30.59,21.08,40.54,13.07,0
106,30.62,21.25,40.85,13.11,0
107,32.12,21.40,40.67,13.33,0
108,32.64,20.58,41.75,12.62,0
109,31.51,19.94,42.06,12.26,0
110,30.32,20.88,41.07,12.78,0
111,31.22,21.53,40.89,13.43,0
112,31.89,20.82,41.08,12.83,0
113,32.69,20.45,41.37,12.50,0
114,34.46,20.04,42.08,11.92,0
115,35.47,19.44,42.79,11.43,0
116,35.78,18.97,43.09,10.82,0
117,33.62,18.38,43.16,10.78,0
118,33.39,19.76,42.22,11.87,0
119,32.14,19.95,41.99,11.98,0
120,33.64,20.63,41.53,12.58,0
121,34.37,19.57,42.35,11.90,0
122,35.30,19.21,42.70,11.54,0
123,36.69,18.68,42.99,10.61,0
124,36.20,17.92,43.76,10.32,0
125,36.13,18.42,43.65,10.17,0
126,36.35,18.47,43.43,10.51,0
127,38.31,18.10,43.46,10.24,0
128,38.91,17.49,44.44,9.19,0
129,39.72,17.05,45.00,8.89,0
130,40.34,16.44,45.59,8.64,0
131,41.49,16.13,45.81,8.58,0
132,41.33,16.00,46.26,7.86,0
133,41.40,15.61,46.11,7.95,0
134,41.98,15.70,46.14,7.85,0
135,41.37,15.75,46.55,7.34,0
136,41.67,15.93,46.01,7.93,0
137,42.89,15.57,46.40,7.76,0
138,42.26,14.97,47.07,7.00,0
139,41.59,15.33,46.50,7.52,0
140,42.04,15.68,46.07,7.95,0
141,43.45,15.34,46.40,7.45,0
142,44.12,14.87,47.18,7.00,0
143,45.35,14.19,47.42,6.32,0
144,43.74,13.61,48.08,5.77,0
145,42.35,14.39,47.45,6.71,0
146,43.90,15.57,46.78,7.36,0
147,45.30,14.66,47.51,6.80,0
148,44.84,13.76,47.98,5.69,0
149,44.03,14.02,47.79,6.03,0
150,44.06,14.32,47.44,6.28,0
151,44.16,14.57,47.31,6.50,0
152,44.89,14.65,47.72,6.26,0
153,45.47,13.95,48.05,6.08,0
154,46.32,13.91,48.16,5.81,0
155,45.01,13.10,48.54,5.58,0
156,46.33,13.96,48.25,6.21,0
157,45.95,13.12,48.64,5.52,0
158,46.63,13.46,48.32,5.43,0
159,46.71,13.16,48.82,5.09,0
160,47.26,12.96,49.08,4.95,0
161,47.48,12.81,49.23,4.68,0
162,49.10,12.59,49.39,4.55,0
163,47.85,11.77,49.92,3.82,0
164,46.47,12.39,49.39,4.70,0
165,46.78,13.25,48.49,5.37,0
166,47.02,13.10,48.88,4.89,0
167,47.24,13.05,48.84,4.76,0
168,46.76,12.99,49.07,5.01,0
169,49.02,12.98,48.87,4.96,0
170,47.18,11.96,49.83,4.01,0
171,47.38,12.78,49.33,5.06,0
172,46.67,12.76,49.39,4.86,0
173,47.32,13.02,49.06,5.23,0
174,45.63,12.68,49.25,4.65,0
175,43.87,13.47,48.21,5.49,0
176,44.29,14.51,47.64,6.54,0
177,44.07,14.41,47.53,6.14,0
178,44.60,14.62,47.75,6.35,0
179,43.32,13.99,47.88,6.42,0
180,42.36,14.96,47.10,6.90,0
181,39.09,15.12,46.48,7.48,0
182,39.99,17.11,44.88,8.89,0
183,42.02,16.50,45.65,8.72,0
184,42.19,15.71,46.38,7.51,0
185,42.65,15.62,46.61,7.16,0
186,42.58,15.01,46.97,7.19,0
187,43.19,15.18,46.97,7.05,0
188,43.32,14.86,46.90,6.76,0
189,44.97,14.65,47.31,6.79,0
190,46.72,14.05,47.84,6.06,0
191,48.01,12.90,48.79,5.15,0
192,46.47,12.48,49.73,4.34,0
193,47.11,13.14,48.50,5.27,0
194,47.02,12.78,48.84,4.85,0
195,47.42,13.21,48.99,5.06,0
196,46.19,12.78,49.27,4.76,0
197,45.52,13.60,48.47,5.44,0
198,46.00,13.97,48.30,5.49,0
199,46.24,13.30,48.70,5.63,0
200,46.92,13.21,48.40,5.34,0
201,47.19,13.06,49.06,5.06,0
202,47.83,12.68,49.17,4.94,0
203,47.82,12.71,49.51,4.49,0
204,47.89,12.50,49.17,4.69,0
205,47.31,12.62,49.35,4.43,0
206,47.18,13.09,49.37,5.05,0
207,47.92,13.00,48.89,4.69,0
208,47.30,12.70,49.59,4.71,0
209,46.96,13.03,49.01,5.05,0
210,47.76,13.19,48.90,4.99,0
211,49.75,12.42,49.54,4.82,0
212,48.32,11.82,49.56,3.65,0
213,49.30,12.45,49.54,4.48,0
214,49.31,11.67,49.95,3.73,0
215,49.59,11.84,49.73,3.91,0
216,49.78,11.53,49.74,3.60,0
217,49.23,11.79,49.38,3.50,0
218,48.92,11.73,49.97,4.08,0
219,49.35,12.14,49.81,3.96,0
220,48.58,11.88,49.60,3.61,0
221,48.60,12.40,49.92,4.19,0
222,47.78,12.20,49.89,4.24,0
223,48.42,12.61,49.24,4.68,0
224,49.32,12.18,49.80,4.41,0
225,48.57,11.61,49.82,3.74,0
226,48.05,12.19,49.86,4.03,0
227,47.46,12.44,49.62,4.33,0
228,48.95,12.75,49.09,4.96,0
229,47.64,11.92,49.98,4.24,0
230,48.46,12.81,49.23,4.47,0
231,48.30,12.02,49.72,4.14,0
232,49.24,12.31,49.65,4.51,0
233,47.95,12.04,49.86,3.67,0
234,49.02,12.50,49.63,4.64,0
235,47.76,12.00,50.00,3.99,0
236,48.21,12.81,49.16,4.73,0
237,48.70,12.60,49.70,4.17,0
238,49.66,12.36,49.65,3.99,0
239,49.10,11.74,49.50,3.64,0
240,49.66,10.86,48.81,3.03,0
241,49.91,11.08,49.14,3.39,0
242,49.23,11.53,49.59,3.59,0
243,48.18,12.08,49.83,3.64,0
244,48.80,12.56,49.56,4.43,0
245,48.12,11.88,49.71,4.02,0
246,47.27,12.44,49.76,4.35,0
247,45.12,12.98,49.09,4.92,0
248,47.10,13.94,48.29,5.97,0
249,46.43,13.17,49.13,5.07,0
250,46.54,13.30,48.54,5.14,0
251,46.87,13.20,48.69,5.43,0
252,46.40,12.83,48.81,4.83,0
253,47.01,13.44,48.95,5.12,0
254,46.41,12.78,49.12,4.86,0
255,45.68,13.48,48.46,5.51,0
256,46.95,13.42,48.33,5.83,0
257,46.12,12.98,48.92,4.90,0
258,46.45,13.58,48.46,5.63,0
259,47.40,13.25,48.79,5.12,0
260,47.18,12.71,49.04,4.79,0
261,45.85,13.07,49.02,4.79,0
262,47.47,13.46,48.65,5.60,0
263,48.82,12.74,49.34,5.00,0
264,49.69,11.98,49.89,4.23,0
265,49.92,11.56,49.69,3.82,0
266,48.85,11.46,49.68,3.65,0
267,48.49,11.07,48.81,2.68,0
268,49.24,10.52,48.83,2.80,0
269,46.90,11.34,49.11,2.94,0
270,48.86,9.85,48.01,1.76,0
271,48.49,11.05,49.03,2.71,0
272,49.49,10.53,48.91,2.80,0
273,49.77,11.31,49.15,3.06,0
274,49.92,11.56,49.57,3.45,0
275,49.27,11.36,49.63,3.59,0
276,49.91,11.10,49.08,3.35,0
277,49.76,11.68,49.57,3.46,0
278,47.76,11.48,49.49,3.48,0
279,47.14,12.67,49.24,4.72,0
280,46.82,12.97,48.93,5.05,0
281,47.23,12.94,49.07,5.32,0
282,44.42,12.98,49.28,4.75,0
283,45.19,14.07,47.72,6.22,0
284,43.41,13.88,48.09,5.84,0
285,44.22,14.59,47.37,7.05,0
286,44.96,14.25,47.56,6.36,0
287,42.97,14.13,48.05,5.88,0
288,42.99,15.10,47.22,6.91,0
289,43.57,14.79,47.11,6.95,0
290,43.42,14.84,47.13,6.56,0
291,40.95,14.83,46.99,6.64,0
292,40.54,15.81,46.02,7.95,0
293,42.52,16.22,45.82,8.46,0
294,43.77,15.19,46.96,7.32,0
295,42.87,14.64,47.58,6.83,0
296,41.45,15.24,47.09,7.30,0
297,40.21,15.68,46.29,7.90,0
298,38.59,16.35,45.62,8.55,0
299,39.04,17.24,44.98,9.31,0
300,38.63,16.99,44.88,9.05,0
301,39.63,17.18,44.97,9.43,0
302,40.15,16.55,45.32,8.83,0
303,40.70,16.49,45.61,8.31,0
304,40.46,16.30,45.93,8.03,0
305,41.35,16.19,45.65,8.49,0
306,41.46,15.71,46.29,7.59,0
307,41.54,15.67,46.45,7.74,0
308,42.01,15.78,46.41,7.60,0
309,41.60,15.66,46.29,7.52,0
310,41.08,15.95,46.25,7.67,0
311,41.39,16.21,45.99,8.03,0
312,41.28,16.03,46.41,7.68,0
313,40.56,15.90,45.93,7.99,0
314,41.39,16.22,45.61,8.04,0
315,42.64,15.69,46.11,7.63,0
316,42.75,15.25,47.02,6.96,0
317,43.41,15.21,46.64,6.97,0
318,43.06,14.77,47.39,6.64,0
319,43.19,14.85,47.27,6.84,0
320,43.28,15.08,47.17,6.72,0
321,45.87,15.03,47.01,6.71,0
322,44.85,13.53,48.24,5.48,0
323,43.32,13.90,48.04,6.09,0
324,42.58,14.87,47.32,6.67,0
325,41.87,15.36,46.99,7.22,0
326,41.28,15.45,46.67,7.44,0
327,40.71,15.77,46.00,7.82,0
328,39.83,15.90,46.04,7.93,0
329,40.02,16.41,45.29,8.59,0
330,41.50,16.31,45.43,8.55,0
331,41.47,15.89,46.04,7.87,0
332,41.74,15.80,46.20,7.58,0
333,41.06,15.67,46.55,7.62,0
334,39.65,16.20,46.16,8.20,0
335,38.34,16.49,45.18,8.87,0
336,37.59,17.38,44.65,9.27,0
337,37.65,17.76,44.23,9.64,0
338,37.67,17.54,44.51,9.79,0
339,37.52,17.59,44.13,9.70,0
340,38.40,17.73,44.29,9.72,0
341,38.74,17.30,44.58,9.45,0
342,39.64,17.13,44.68,9.14,0
343,40.96,16.64,45.33,8.87,0
344,40.48,16.05,46.12,8.11,0
345,41.59,16.28,45.58,8.01,0
346,41.30,15.80,46.41,7.84,0
347,41.92,16.06,46.31,7.87,0
348,42.18,15.69,46.45,7.39,0
349,42.12,15.47,46.59,7.44,0
350,41.16,15.64,46.34,7.52,0
351,41.13,15.85,45.97,7.94,0
352,41.85,15.90,45.84,8.02,0
353,40.72,15.54,46.45,7.50,0
354,39.61,16.13,45.84,8.09,0
355,37.71,16.91,45.25,8.46,0
356,37.12,17.53,44.27,9.55,0
357,37.96,17.97,44.09,9.78,0
358,39.60,17.45,44.23,9.57,0
359,40.87,16.92,45.47,8.52,0
360,40.01,16.21,46.11,7.98,0
361,39.35,16.62,45.29,8.47,0
362,39.94,17.05,45.25,8.76,0
363,40.89,16.48,45.33,8.48,0
364,40.08,15.84,45.89,8.26,0
365,41.23,16.26,45.47,8.57,0
366,42.52,15.84,46.31,8.05,0
367,41.43,15.08,46.78,7.34,0
368,40.60,15.81,46.40,8.02,0
369,39.94,16.24,45.75,8.24,0
370,42.33,16.32,45.29,8.75,0
371,44.05,15.18,46.52,7.19,0
372,44.00,14.24,47.63,6.42,0
373,45.02,14.46,47.57,6.64,0
374,46.15,14.02,48.21,6.22,0
375,47.68,13.66,48.76,5.51,0
376,47.35,12.51,49.56,4.44,0
377,46.97,12.58,49.05,4.74,0
378,48.06,12.81,48.78,4.89,0
379,47.70,12.25,49.70,4.59,0
380,47.52,12.47,49.21,4.83,0
381,47.21,12.88,49.38,4.65,0
382,48.87,12.99,48.96,4.68,0
383,49.77,11.85,49.80,4.30,0
384,49.26,11.80,49.42,3.79,0
385,49.16,12.09,49.99,3.78,0
386,47.81,11.23,49.27,3.27,0
387,47.61,12.66,49.63,4.72,0
388,49.26,12.46,49.30,4.47,0
389,49.87,11.68,49.99,3.93,0
390,49.21,11.68,49.58,3.33,0
391,48.08,10.92,48.98,3.24,0
392,47.80,10.60,48.32,2.57,0
393,49.18,10.48,48.59,2.26,0
394,49.67,11.05,49.24,3.32,0
395,49.20,11.51,49.37,3.26,0
396,49.04,10.94,49.34,2.87,0
397,49.78,11.03,49.19,2.99,0
398,49.56,11.71,49.45,3.73,0
399,49.83,11.64,49.66,3.92,0
400,49.02,11.66,49.72,3.64,0
401,47.00,10.92,49.25,3.05,0
402,45.13,10.23,48.24,1.84,0
403,46.03,9.30,47.25,1.29,0
404,44.19,9.33,47.35,1.52,0
405,44.91,8.74,46.77,0.72,0
406,43.55,9.13,47.06,0.97,0
407,43.04,8.22,46.32,0.29,0
408,43.37,8.05,46.01,0.10,0
409,46.12,7.99,46.01,0.33,0
410,46.47,9.49,47.50,1.57,0
411,46.27,9.62,47.76,1.81,0
412,45.48,9.42,47.55,1.53,0
413,43.53,9.37,47.28,1.09,0
414,44.37,8.05,46.48,0.31,0
415,43.49,8.89,46.88,0.87,0
416,44.30,8.24,46.45,0.42,0
417,44.87,8.56,46.72,0.51,0
418,44.19,8.88,47.17,1.10,0
419,43.22,8.37,46.40,0.53,0
420,43.01,8.07,46.32,0.27,0
421,42.52,7.87,45.99,-0.21,0
422,44.19,7.83,46.00,-0.20,0
423,44.67,8.81,46.56,0.50,0
424,44.56,9.00,46.88,0.65,0
425,45.13,8.78,46.54,0.75,0
426,44.21,9.16,47.21,1.10,0
427,45.24,8.79,46.54,0.55,0
428,47.12,9.20,47.20,1.01,0
429,47.09,10.19,48.16,2.18,0
430,48.38,9.96,47.89,2.22,0
431,49.01,10.77,48.88,2.89,0
432,49.68,11.18,48.83,3.00,0
433,48.50,11.57,49.82,3.67,0
434,48.13,10.53,48.95,2.97,0
435,47.74,10.54,48.49,2.73,0
436,46.32,10.42,48.41,2.47,0
437,48.13,9.52,47.49,1.91,0
438,46.41,10.66,48.63,2.52,0
439,47.56,9.60,47.81,1.49,0
440,46.46,10.35,48.43,2.51,0
441,47.47,9.56,47.72,1.72,0
442,47.35,10.25,48.08,2.04,0
443,48.02,10.17,47.96,1.96,0
444,47.41,10.76,48.48,2.67,0
445,47.98,10.31,48.43,2.07,0
446,46.59,10.50,48.50,2.49,0
447,47.39,9.78,48.00,1.69,0
448,49.18,10.00,48.26,2.39,0
449,48.26,10.90,49.13,3.08,0
450,47.46,10.44,48.85,2.82,0
451,46.16,10.16,48.47,2.42,0
452,46.23,9.78,47.64,1.41,0
453,46.67,9.86,47.50,1.81,0
454,46.96,9.96,47.59,1.85,0
455,48.08,9.98,47.88,2.19,0
456,47.65,10.75,48.62,2.75,0
457,48.34,10.15,48.51,2.29,0
458,48.73,10.82,48.66,2.87,0
459,49.34,11.00,48.77,2.86,0
460,49.36,12.00,49.97,3.96,0
461,47.21,11.77,49.65,4.06,0
462,47.79,13.07,49.18,5.01,0
463,46.81,12.75,49.48,4.80,0
464,47.39,12.95,48.86,5.08,0
465,46.88,12.98,49.07,5.01,0
466,45.43,12.94,48.99,5.12,0
467,44.58,13.89,48.12,5.95,0
468,44.45,14.32,47.91,6.02,0
469,44.59,14.44,47.82,6.19,0
470,44.97,14.20,47.77,6.38,0
471,46.19,14.10,48.09,5.79,0
472,46.13,13.30,48.71,5.30,0
473,46.05,13.46,48.49,5.46,0
474,45.74,13.70,48.60,5.62,0
475,46.03,13.66,48.38,5.58,0
476,44.19,13.25,48.58,5.42,0
477,44.46,14.63,47.81,6.46,0
478,43.08,14.37,47.95,6.25,0
479,43.21,15.02,47.18,6.80,0
480,44.05,15.04,47.01,7.09,0
481,44.19,14.62,47.61,6.71,0
482,45.15,14.27,47.40,6.58,0
483,45.89,13.73,48.11,6.04,0
484,46.46,13.41,48.45,5.79,0
485,46.78,13.39,48.72,5.08,0
486,46.78,12.95,48.89,5.00,0
487,45.18,12.89,49.01,5.30,0
488,46.08,13.73,47.84,5.92,0
489,45.43,13.65,48.52,5.58,0
490,46.52,13.70,48.28,5.67,0
491,46.63,13.00,48.98,5.30,0
492,47.54,13.05,48.99,5.09,0
493,47.23,12.62,49.12,4.65,0
494,48.14,12.65,49.24,4.98,0
495,47.57,12.41,49.56,4.56,0
496,47.64,12.49,49.11,4.70,0
497,45.45,12.71,49.31,4.65,0
498,45.93,13.83,48.18,5.73,0
499,48.17,13.59,48.37,5.33,0
500,48.84,12.49,49.39,4.24,0
501,49.31,11.94,49.95,4.32,0
502,49.15,12.00,49.85,3.79,0
503,47.99,11.78,49.98,3.92,0
504,48.62,12.64,49.29,4.33,0
505,49.45,12.29,49.99,4.26,0
506,47.85,12.00,49.92,3.62,0
507,47.73,12.45,49.55,4.70,0
508,44.83,12.88,49.14,4.46,0
509,45.94,14.13,47.98,6.05,0
510,45.05,13.61,48.36,5.48,0
511,45.28,14.09,48.21,6.06,0
512,44.94,13.99,47.99,5.75,0
513,44.03,13.81,48.11,5.95,0
514,43.90,14.38,47.64,6.24,0
515,43.84,14.74,47.46,6.63,0
516,43.44,14.41,47.63,6.43,0
517,43.44,14.70,47.06,6.97,0
518,43.08,14.93,47.40,6.94,0
519,43.89,15.13,47.28,6.98,0
520,44.69,14.42,47.64,6.31,0
521,45.80,14.35,47.86,6.15,0
522,45.77,13.42,48.20,5.65,0
523,47.26,13.78,48.19,5.51,0
524,47.29,12.68,49.17,5.04,0
525,46.92,12.80,49.36,4.92,0
526,46.71,13.06,48.95,4.99,0
527,47.52,13.15,48.89,5.23,0
528,48.57,12.56,49.16,4.62,0
529,46.64,12.05,49.82,4.04,0
530,48.57,13.36,48.92,5.16,0
531,48.82,12.17,49.67,4.09,0
532,49.46,11.95,49.94,4.23,0
533,49.68,11.96,49.95,3.80,0
534,49.26,11.11,49.14,3.28,0
535,48.40,11.15,49.35,2.98,0
536,49.88,10.53,48.55,2.51,0
537,49.63,11.37,49.36,3.63,0
538,49.61,11.36,49.19,3.55,0
539,49.48,11.80,49.92,3.86,0
540,48.61,11.68,49.76,3.96,0
541,47.56,11.99,49.61,4.11,0
542,47.06,12.57,49.05,4.65,0
543,47.47,12.83,49.21,4.84,0
544,47.56,12.93,49.20,4.82,0
545,48.72,12.90,49.25,4.89,0
546,49.83,12.08,49.75,4.24,0
547,49.72,11.49,49.34,3.47,0
548,49.79,11.50,49.41,3.47,0
549,48.44,11.58,49.59,3.75,0
550,49.49,12.53,49.76,4.46,0
551,49.53,11.76,49.93,3.55,0
552,49.92,11.74,49.87,3.93,0
553,49.47,11.36,49.50,3.29,0
554,48.25,11.99,49.97,3.53,0
555,47.97,12.47,49.64,4.30,0
556,47.06,12.57,49.70,4.74,0
557,47.26,12.74,49.23,4.74,0
558,47.53,12.66,49.35,4.94,0
559,48.18,12.63,49.02,4.53,0
560,48.36,12.23,49.63,4.66,0
561,46.61,12.21,49.83,4.29,0
562,45.22,13.29,49.00,5.05,0
563,46.23,14.09,48.09,5.70,0
564,46.01,13.48,48.78,5.41,0
565,46.48,13.38,48.43,5.44,0
566,47.07,13.27,48.96,5.45,0
567,44.84,12.72,49.19,5.06,0
568,44.71,13.83,47.70,5.92,0
569,42.56,14.28,47.76,6.11,0
570,41.63,15.25,46.53,7.44,0
571,41.00,15.67,46.40,7.87,0
572,41.68,16.02,45.86,7.79,0
573,42.05,15.79,46.10,7.54,0
574,40.91,15.43,46.69,7.65,0
575,39.56,15.87,45.81,8.04,0
576,40.58,16.80,45.38,8.82,0
577,39.28,16.45,45.71,8.05,0
578,39.05,16.67,45.00,8.84,0
579,37.55,16.86,44.93,8.77,0
580,39.79,17.67,44.49,9.67,0
581,38.95,16.62,45.44,8.70,0
582,37.69,17.18,44.79,8.94,0
583,38.47,17.90,44.16,9.63,0
584,39.86,17.26,44.74,9.06,0
585,40.41,16.38,45.28,8.60,0
586,39.29,16.26,45.57,8.45,0
587,40.41,16.89,45.08,8.66,0
588,39.50,16.30,45.93,8.51,0
589,38.76,16.98,45.47,8.73,0
590,37.95,17.37,44.86,9.27,0
591,36.70,17.56,44.63,9.38,0
592,35.59,18.39,43.96,10.13,0
593,36.96,18.84,43.10,10.78,0
594,36.45,18.00,44.01,10.04,0
595,36.59,18.24,43.97,10.36,0
596,34.79,18.25,43.69,10.29,0
597,34.71,19.06,42.76,11.24,0
598,33.67,18.99,42.63,11.37,0
599,35.53,19.75,42.46,11.57,0
600,35.81,18.54,43.32,10.94,0
601,35.26,18.36,43.57,10.55,0
602,35.64,18.94,42.98,10.73,0
603,34.60,18.63,43.37,10.78,0
604,34.62,19.00,42.71,11.09,0
605,34.90,19.22,42.73,11.02,0
606,34.85,19.20,42.81,11.22,0
607,34.70,19.24,43.08,11.10,0
608,34.78,18.92,43.01,11.26,0
609,35.39,19.22,42.69,11.02,0
610,37.01,18.96,43.02,10.72,0
611,37.23,17.82,44.00,10.18,0
612,37.10,17.82,43.87,9.92,0
613,36.59,17.91,44.12,9.99,0
614,37.75,18.27,43.94,10.18,0
615,36.89,17.51,44.59,9.61,0
616,38.63,18.16,44.01,10.09,0
617,38.98,17.40,44.89,9.16,0
618,38.59,16.89,45.01,9.13,0
619,39.88,16.97,44.94,9.15,0
620,40.18,16.70,45.42,8.73,0
621,38.32,16.66,45.78,8.37,0
622,38.00,17.22,44.45,9.45,0
623,36.08,17.35,44.32,9.54,0
624,35.40,18.58,43.60,10.38,0
625,34.09,18.80,43.04,10.78,0
626,35.40,19.40,42.60,11.61,0
627,33.59,18.93,43.42,10.62,0
628,33.58,19.86,42.38,11.52,0
629,34.27,19.75,42.44,11.95,0
630,33.73,19.24,42.52,11.45,0
631,32.97,19.77,42.53,11.65,0
632,31.87,19.87,41.76,12.07,0
633,33.90,20.79,41.22,12.59,0
634,33.55,19.39,42.44,11.64,0
635,34.40,19.86,42.13,11.88,0
636,34.60,19.35,42.79,11.23,0
637,34.21,19.15,42.56,11.20,0
638,35.96,19.53,42.60,11.28,0
639,35.73,18.45,43.54,10.75,0
640,35.51,18.39,43.21,10.70,0
641,35.19,18.75,43.10,10.52,0
642,33.33,18.80,42.96,10.97,0
643,32.46,20.00,42.24,11.71,0
644,34.12,20.14,41.65,12.48,0
645,32.64,19.29,42.36,11.20,0
646,32.17,20.13,41.77,12.08,0
647,32.28,20.17,41.50,12.55,0
648,30.69,20.52,41.68,12.36,0
649,29.20,21.08,41.05,13.30,0
650,28.08,22.04,39.99,14.01,0
651,26.37,22.49,39.72,14.70,0
652,25.98,23.31,38.55,15.14,0
653,26.55,23.47,38.52,15.60,0
654,27.16,23.30,38.74,14.99,0
655,25.59,22.67,39.05,14.74,0
656,22.74,23.61,38.20,15.91,0
657,23.17,24.89,36.99,17.21,0
658,24.23,25.09,37.34,17.00,0
659,25.28,24.22,37.83,16.43,0
660,25.16,23.96,38.06,16.02,0
661,25.89,23.75,38.13,16.05,0
662,24.84,23.52,38.24,15.69,0
663,26.95,24.30,37.78,16.13,0
664,25.98,23.09,38.86,15.13,0
665,25.87,23.45,38.50,15.56,0
666,24.61,23.34,38.65,15.38,0
667,26.54,24.41,38.03,16.24,0
668,25.92,23.19,38.81,15.23,0
669,25.63,23.30,38.64,15.40,0
670,27.07,23.48,38.36,15.56,0
671,25.38,22.83,38.95,15.16,0
672,25.68,23.77,38.39,16.02,0
673,26.27,23.88,38.23,15.77,0
674,26.13,23.27,38.58,15.51,0
675,27.79,23.54,38.81,15.58,0
676,28.33,22.58,39.21,14.68,0
677,27.98,22.20,39.91,14.35,0
678,28.59,22.63,39.46,14.57,0
679,30.34,22.26,39.91,14.02,0
680,30.76,21.30,40.89,13.50,0
681,29.56,21.37,40.96,12.88,0
682,30.37,21.56,40.25,13.67,0
683,31.18,21.14,40.54,13.12,0
684,32.31,20.69,40.95,13.13,0
685,31.53,20.26,41.44,12.10,0
686,31.65,20.74,41.39,12.87,0
687,31.19,20.88,41.53,12.82,0
688,29.79,20.71,41.05,12.99,0
689,28.30,21.55,40.15,13.45,0
690,28.79,22.12,39.86,14.17,0
691,28.97,22.11,39.78,13.93,0
692,30.73,21.78,40.17,14.08,0
693,31.87,20.98,41.11,12.95,0
694,31.29,20.43,41.58,12.61,0
695,31.21,20.89,41.29,12.77,0
696,32.47,21.00,41.32,12.96,0
697,33.86,20.10,41.52,12.43,0
698,34.69,19.81,42.40,11.54,0
699,34.77,18.99,42.78,11.28,0
700,35.35,19.21,42.95,10.96,0
701,35.42,18.66,43.29,10.72,0
702,35.26,18.72,43.02,10.64,0
703,36.93,19.05,43.21,10.71,0
704,37.23,17.86,43.77,10.13,0
705,37.34,17.80,43.92,10.10,0
706,38.16,17.64,44.38,9.93,0
707,39.27,17.62,44.80,9.62,0
708,37.48,16.97,44.90,8.77,0
709,39.10,17.73,44.08,9.82,0
710,38.54,17.06,44.97,9.10,0
711,37.95,17.43,44.99,9.01,0
712,38.77,17.61,44.53,9.28,0
713,39.26,16.89,44.79,8.95,0
714,39.75,16.79,44.95,8.64,0
715,40.82,16.40,45.13,8.69,0
716,40.92,16.23,45.97,8.29,0
717,42.03,15.82,46.20,8.09,0
718,42.18,15.44,46.33,7.43,0
719,42.04,15.52,46.69,7.26,0
720,42.86,15.59,46.45,7.37,0
721,43.87,14.93,47.05,7.24,0
722,42.97,14.55,47.63,6.42,0
723,45.64,15.05,47.23,7.23,0
724,44.26,13.55,48.48,5.81,0
725,44.52,14.58,47.47,6.44,0
726,43.03,14.14,47.75,6.12,0
727,44.24,15.24,46.85,6.85,0
728,42.98,14.18,47.69,6.23,0
729,44.27,14.79,46.87,6.79,0
730,43.54,14.59,47.55,6.35,0
731,43.76,14.97,47.43,6.89,0
732,43.72,14.71,47.35,6.39,0
733,43.33,14.39,47.47,6.39,0
734,44.83,14.71,47.19,6.76,0
735,45.30,14.25,47.97,6.27,0
736,45.74,13.71,48.29,5.77,0
737,47.42,13.84,48.26,5.66,0
738,47.38,12.80,49.42,4.74,0
739,47.51,12.86,49.29,4.82,0
740,46.38,12.83,49.16,4.87,0
741,47.45,13.40,48.94,5.42,0
742,46.38,13.01,49.10,4.55,0
743,46.04,13.15,48.73,5.42,0
744,47.93,13.72,48.50,5.62,0
745,46.58,12.45,49.36,4.78,0
746,45.70,13.01,48.72,5.20,0
747,45.22,13.57,48.25,5.49,0
748,45.79,13.78,48.04,6.06,0
749,45.52,13.53,48.55,5.58,0
750,45.83,13.59,48.10,5.56,0
751,46.14,13.53,48.44,5.78,0
752,47.30,13.52,48.51,5.24,0
753,45.92,13.06,49.22,4.92,0
754,45.77,13.41,48.42,5.53,0
755,44.25,13.71,48.54,5.43,0
756,43.39,14.19,47.84,6.31,0
757,42.78,14.75,47.00,6.77,0
758,42.50,15.05,46.96,7.01,0
759,42.07,15.02,46.80,7.15,0
760,42.09,15.57,46.44,7.48,0
761,42.68,15.42,46.70,7.41,0
762,41.89,15.20,46.88,6.93,0
763,41.70,15.42,46.37,7.62,0
764,39.91,15.64,46.60,7.52,0
765,39.98,16.43,45.64,8.49,0
766,39.70,16.37,45.67,8.53,0
767,39.71,16.48,45.18,8.65,0
768,38.28,16.42,45.34,8.46,0
769,37.90,17.27,44.72,9.60,0
770,37.94,17.79,44.60,9.46,0
771,38.70,17.76,44.62,9.39,0
772,38.60,17.06,44.80,9.10,0
773,36.85,17.05,44.94,9.18,0
774,35.48,17.84,43.85,10.17,0
775,34.00,18.92,43.30,10.92,0
776,33.53,19.69,42.64,11.53,0
777,32.79,19.82,42.35,11.78,0
778,32.56,20.18,42.04,12.17,0
779,33.34,20.03,41.90,12.26,0
780,32.26,19.91,41.96,11.75,0
781,32.40,20.25,41.52,12.17,0
782,30.57,20.16,41.60,12.25,0
783,29.25,21.31,40.67,13.21,0
784,29.18,21.98,39.91,13.81,0
785,31.20,22.02,40.30,13.89,0
786,29.92,20.66,41.22,13.01,0
787,29.77,21.70,40.39,13.71,0
788,30.39,21.64,40.14,13.37,0
789,30.44,21.37,40.66,13.50,0
790,30.57,21.23,40.85,13.08,0
791,30.99,21.09,40.80,13.18,0
792,30.04,20.94,41.05,13.24,0
793,28.34,21.34,40.41,13.67,0
794,30.40,22.57,39.80,14.32,0
795,28.39,21.46,40.87,13.47,0
796,28.58,22.43,39.65,14.17,0
797,27.94,22.23,39.59,14.16,0
798,28.35,22.30,39.60,14.70,0
799,28.30,22.25,39.52,14.22,0
800,30.69,22.58,39.84,14.57,0
801,30.41,21.07,41.03,12.98,0
802,29.14,21.19,40.57,13.29,0
803,28.27,21.70,40.00,13.76,0
804,28.76,22.52,39.46,14.17,0
805,28.57,22.24,39.96,14.34,0
806,29.27,22.21,39.94,14.07,0
807,29.83,22.04,40.27,13.88,0
808,29.06,21.36,40.35,13.68,0
809,27.06,22.03,40.13,13.77,0
810,28.42,22.88,39.27,15.14,0
811,27.52,22.10,39.84,14.29,0
812,28.53,22.84,39.44,14.91,0
813,26.82,22.23,39.79,14.03,0
814,24.00,22.98,39.03,15.31,0
815,24.02,24.69,37.32,16.54,0
816,22.46,24.29,37.30,16.47,0
817,23.35,25.29,36.87,17.13,0
818,23.08,24.86,37.19,16.57,0
819,23.04,24.97,37.17,17.04,0
820,22.93,24.80,37.11,16.95,0
821,23.49,25.18,36.74,17.23,0
822,23.58,24.72,37.16,16.86,0
823,24.95,24.89,37.04,16.67,0
824,23.07,24.22,37.83,15.81,0
825,24.14,25.18,37.24,16.99,0
826,25.24,24.36,37.71,16.19,0
827,24.32,23.65,38.27,15.86,0
828,24.34,24.56,37.66,16.12,0
829,26.30,24.52,37.50,16.22,0
830,25.96,23.34,38.82,15.48,0
831,26.20,23.46,38.56,15.42,0
832,27.44,23.40,38.85,15.62,0
833,27.38,22.84,39.03,14.64,0
834,26.51,22.94,39.39,15.06,0
835,27.81,23.19,38.50,15.18,0
836,27.08,22.43,39.39,14.51,0
837,27.48,23.15,39.14,15.09,0
838,26.67,22.95,39.38,14.68,0
839,25.72,23.12,38.88,15.17,0
840,24.15,23.77,38.18,15.40,0
841,23.67,24.20,37.55,16.37,0
842,21.06,24.55,37.36,16.59,0
843,20.77,25.85,36.03,18.05,0
844,19.97,26.12,36.13,18.14,0
845,18.84,26.56,35.60,18.56,0
846,19.02,27.25,34.86,19.22,0
847,18.23,26.98,34.99,18.88,0
848,17.96,27.48,34.40,19.29,0
849,20.54,27.32,34.63,19.76,0
850,19.92,26.13,35.61,18.29,0
851,20.45,26.50,35.30,18.33,0
852,18.94,26.32,35.56,18.51,0
853,19.78,26.93,35.00,19.23,0
854,19.44,26.52,35.57,18.72,0
855,19.12,27.00,35.21,18.92,0
856,18.90,26.97,34.86,18.87,0
857,17.79,27.19,34.78,19.27,0
858,17.52,27.65,34.35,19.78,0
859,16.91,27.77,34.16,19.71,0
860,18.07,28.27,33.71,20.24,0
861,17.30,27.54,34.34,19.42,0
862,15.64,27.87,34.34,20.04,0
863,17.09,28.53,33.26,20.87,0
864,16.40,28.20,34.29,20.19,0
865,17.43,28.28,33.60,20.37,0
866,17.40,27.97,34.27,19.70,0
867,16.97,28.04,34.36,19.60,0
868,17.63,28.07,33.85,20.23,0
869,17.03,27.91,34.23,19.90,0
870,17.72,27.75,33.91,19.91,0
871,16.53,27.50,34.31,19.86,0
872,15.37,28.30,33.78,20.01,0
873,14.77,28.85,32.97,20.76,0
874,16.89,29.32,32.99,21.26,0
875,17.13,27.99,34.09,20.27,0
876,16.41,27.84,33.99,19.81,0
877,16.18,28.08,33.47,20.29,0
878,16.41,28.50,33.81,20.36,0
879,15.16,28.06,33.78,20.48,0
880,15.34,29.16,33.10,20.79,0
881,16.50,28.81,33.22,20.72,0
882,14.52,28.13,33.64,20.05,0
883,14.72,29.31,32.57,21.45,0
884,13.23,29.08,33.09,20.94,0
885,12.39,29.72,31.98,22.05,0
886,13.26,30.36,31.73,22.30,0
887,14.11,29.77,32.11,21.97,0
888,13.64,29.39,32.60,21.50,0
889,12.16,29.60,32.44,21.49,0
890,13.20,30.66,31.81,22.59,0
891,13.63,30.08,32.28,21.88,0
892,13.42,29.50,32.11,21.56,0
893,12.89,30.02,32.12,21.86,0
894,10.92,30.08,32.07,21.81,0
895,9.70,30.87,30.91,22.87,0
896,10.82,31.69,30.43,23.52,0
897,9.62,31.11,30.96,23.32,0
898,7.96,31.87,30.38,23.50,0
899,9.09,32.77,29.67,24.67,0
900,8.87,31.98,30.10,24.01,0
901,9.39,32.05,29.96,23.88,0
902,9.34,31.89,30.36,23.95,0
903,10.18,31.93,30.29,23.85,0
904,10.52,31.30,30.65,23.44,0
905,11.19,31.27,30.55,23.17,0
906,10.03,30.95,31.28,23.05,0
907,10.87,31.33,30.72,23.67,0
908,10.76,31.17,30.73,22.96,0
909,11.57,31.30,30.87,23.06,0
910,9.75,30.53,31.26,22.89,0
911,11.28,31.51,30.42,23.64,0
912,12.79,30.75,31.18,22.72,0
913,14.45,30.17,31.90,22.24,0
914,14.90,29.38,32.49,21.44,0
915,15.72,29.02,33.03,21.08,0
916,14.92,28.67,33.16,20.43,0
917,14.46,29.17,32.99,20.87,0
918,14.38,29.48,32.52,21.40,0
919,12.93,29.26,32.71,21.21,0
920,12.42,29.97,31.96,21.96,0
921,11.57,30.38,31.78,22.37,0
922,11.59,30.72,31.33,22.70,0
923,11.61,30.64,31.31,22.83,0
924,12.68,30.91,31.44,22.87,0
925,12.88,30.36,31.70,22.06,0
926,12.26,30.23,31.72,22.22,0
927,12.72,30.34,31.48,22.60,0
928,11.38,30.09,31.76,22.00,0
929,11.15,30.90,31.12,23.04,0
930,12.86,30.80,31.08,23.06,0
931,11.41,30.15,32.03,21.93,0
932,11.36,30.88,31.30,22.77,0
933,12.39,30.90,31.06,22.73,0
934,12.36,30.29,31.70,22.23,0
935,11.03,30.53,31.79,22.26,0
936,10.64,31.19,30.90,22.97,0
937,9.93,31.20,30.91,23.22,0
938,10.87,31.66,30.30,23.36,0
939,10.97,30.96,30.95,22.88,0
940,10.94,30.97,31.18,23.13,0
941,12.27,30.88,31.01,23.19,0
942,12.88,30.18,31.71,22.44,0
943,15.31,30.08,31.88,22.23,0
944,15.15,28.61,33.30,20.83,0
945,13.35,28.84,33.18,21.02,0
946,14.69,29.85,32.32,21.75,0
947,14.38,29.18,32.89,20.92,0
948,14.25,29.16,32.92,21.14,0
949,12.94,29.22,32.82,21.21,0
950,13.26,29.96,32.06,22.12,0
951,13.64,29.75,32.33,21.64,0
952,13.31,29.62,32.11,21.56,0
953,12.33,29.86,32.22,21.72,0
954,11.75,30.50,31.81,22.34,0
955,10.80,30.72,31.54,22.84,0
956,10.95,30.89,31.06,23.16,0
957,9.73,31.16,30.87,23.10,0
958,10.36,31.65,30.23,23.65,0
959,11.89,31.40,30.44,23.08,0
960,11.84,30.38,31.68,22.72,0
961,12.12,30.35,31.33,22.43,0
962,12.05,30.20,31.50,22.31,0
963,8.12,30.56,31.48,22.40,0
964,7.86,32.48,29.41,24.48,0
965,7.14,32.38,29.28,24.66,0
966,6.50,32.78,28.88,24.74,0
967,6.65,33.41,28.91,25.15,0
968,9.61,33.01,28.84,25.37,0
969,7.86,31.59,30.05,23.79,0
970,5.83,32.69,29.52,24.53,0
971,6.23,33.46,28.21,25.79,0
972,8.20,33.54,28.76,25.34,0
973,8.71,32.18,29.84,24.46,0
974,9.46,32.26,29.91,24.10,0
975,8.55,31.84,30.17,23.55,0
976,8.21,32.23,29.55,24.11,0
977,8.84,32.50,29.58,24.29,0
978,9.36,32.25,29.68,23.94,0
979,9.69,31.83,30.21,24.07,0
980,10.64,31.71,30.40,23.42,0
981,11.60,31.30,30.81,23.22,0
982,11.52,30.89,31.16,22.89,0
983,11.84,30.62,31.41,22.82,0
984,11.55,30.65,31.37,22.81,0
985,11.74,30.50,31.34,22.75,0
986,12.46,30.78,31.33,22.52,0
987,11.92,30.19,31.61,22.23,0
988,12.85,30.61,31.51,22.46,0
989,12.82,29.85,32.08,22.09,0
990,11.54,30.34,32.09,22.17,0
991,11.40,30.78,31.08,22.74,0
992,13.56,30.57,31.13,23.03,0
993,13.96,29.73,32.40,21.55,0
994,13.32,29.39,32.70,21.64,0
995,11.52,29.70,32.37,21.93,0
996,11.94,30.80,31.11,22.90,0
997,12.95,30.60,31.53,22.41,0
998,13.76,30.01,31.94,22.10,0
999,14.01,29.58,32.16,21.45,0
1000,12.18,29.35,32.38,21.30,0
1001,12.82,30.63,31.68,22.46,0
1002,13.21,30.09,31.68,22.07,0
1003,11.65,29.75,32.33,21.86,0
1004,12.18,30.64,31.35,22.92,0
1005,14.02,30.26,31.57,22.45,0
1006,14.67,29.69,32.69,21.64,0
1007,13.65,29.17,32.72,21.09,0
1008,12.88,29.91,32.21,21.73,0
1009,13.73,30.25,31.85,22.11,0
1010,13.79,29.45,32.45,21.41,0
1011,12.42,29.72,32.64,21.59,0
1012,11.97,30.44,31.64,22.15,0
1013,12.17,30.33,31.40,22.26,0
1014,10.51,30.35,31.70,22.48,0
1015,10.93,31.30,30.89,23.05,0
1016,11.99,30.80,31.07,23.14,0
1017,13.73,30.71,31.55,22.58,0
1018,14.72,29.44,32.61,21.80,0
1019,14.46,29.37,33.08,21.14,0
1020,13.12,29.15,32.53,21.42,0
1021,13.35,29.96,32.17,22.09,0
1022,13.41,29.69,32.29,21.66,0
1023,12.27,29.78,32.02,21.64,0
1024,13.04,30.22,31.46,22.60,0
1025,13.51,30.03,32.11,22.14,0
1026,15.41,29.67,32.44,21.66,0
1027,14.52,28.70,32.98,20.73,0
1028,14.04,29.06,32.70,21.03,0
1029,13.42,29.40,32.34,21.72,0
1030,13.39,29.61,32.25,21.76,0
1031,12.34,29.65,32.11,21.89,0
1032,13.59,30.50,31.52,22.49,0
1033,14.68,29.94,32.37,21.61,0
1034,16.38,29.02,32.87,21.37,0
1035,16.89,28.49,33.50,20.48,0
1036,18.14,28.17,33.98,19.87,0
1037,16.70,27.64,34.39,19.35,0
1038,16.86,28.28,33.98,20.37,0
1039,17.17,28.23,34.00,19.98,0
1040,16.00,27.95,34.33,20.14,0
1041,15.86,28.58,33.26,20.49,0
1042,16.48,28.41,33.40,20.40,0
1043,16.98,28.12,33.92,20.02,0
1044,16.52,28.26,34.22,20.02,0
1045,16.19,28.37,33.86,20.14,0
1046,15.89,28.29,33.38,20.17,0
1047,15.36,28.75,33.36,20.46,0
1048,17.26,29.01,32.96,20.76,0
1049,17.16,28.09,34.01,19.79,0
1050,17.05,27.86,33.92,20.04,0
1051,17.37,28.06,33.97,19.86,0
1052,16.55,28.01,34.39,19.84,0
1053,16.01,28.38,33.66,20.03,0
1054,17.04,28.39,33.48,20.62,0
1055,18.55,27.81,33.86,20.09,0
1056,18.81,27.38,34.76,19.12,0
1057,19.50,27.20,34.87,18.89,0
1058,20.67,26.63,35.45,18.88,0
1059,18.18,25.95,35.62,18.07,0
1060,19.09,27.22,34.50,19.63,0
1061,19.97,26.73,34.91,19.14,0
1062,19.95,26.34,35.28,18.41,0
1063,20.22,26.32,35.25,18.33,0
1064,20.84,26.34,35.46,18.62,0
1065,22.73,26.21,36.00,18.16,0
1066,22.07,25.30,36.85,16.99,0
1067,21.48,25.71,36.43,17.58,0
1068,23.43,25.80,36.34,17.84,0
1069,23.53,25.02,37.03,16.98,0
1070,24.96,24.81,37.48,16.82,0
1071,25.43,24.19,37.97,15.92,0
1072,23.77,23.96,38.00,16.02,0
1073,24.91,24.59,37.35,16.70,0
1074,25.19,24.07,38.19,16.22,0
1075,25.03,24.08,38.09,16.06,0
1076,23.65,24.21,37.92,16.00,0
1077,23.42,24.85,37.29,16.83,0
1078,23.68,24.69,37.12,16.62,0
1079,24.81,24.65,37.27,16.55,0
1080,25.80,24.02,38.06,15.86,0
1081,26.74,23.65,38.36,15.40,0
1082,27.29,23.19,38.83,15.14,0
1083,26.94,22.82,39.11,14.96,0
1084,28.60,22.82,38.97,15.21,0
1085,29.51,22.05,39.79,14.24,0
1086,29.53,21.57,40.01,13.50,0
1087,28.96,21.70,40.42,13.84,0
1088,28.89,22.10,39.81,14.13,0
1089,29.52,22.12,39.80,14.08,0
1090,29.40,21.78,40.38,13.51,0
1091,29.27,21.82,39.95,13.61,0
1092,30.51,21.80,40.10,13.99,0
1093,30.29,21.08,40.71,13.04,0
1094,30.65,21.23,40.64,13.59,0
1095,32.66,21.25,41.05,13.24,0
1096,32.66,20.25,41.81,12.15,0
1097,34.48,20.16,41.83,12.29,0
1098,34.02,19.16,42.58,11.04,0
1099,33.71,19.53,42.38,11.42,0
1100,34.00,19.84,42.15,11.57,0
1101,33.25,19.49,42.28,11.49,0
1102,33.36,20.01,41.97,11.82,0
1103,32.74,19.81,42.33,11.99,0
1104,32.76,20.04,41.83,11.99,0
1105,33.57,20.20,42.09,12.10,0
1106,32.50,19.87,42.17,11.47,0
1107,30.62,20.24,41.68,12.44,0
1108,29.29,21.24,40.72,13.32,0
1109,27.44,21.85,40.05,13.76,0
1110,28.17,22.59,38.97,14.75,0
1111,28.08,22.36,39.81,14.38,0
1112,29.21,22.23,39.39,14.49,0
1113,28.79,21.67,40.24,13.73,0
1114,28.56,22.23,40.01,14.12,0
1115,29.36,22.43,39.76,14.24,0
1116,30.68,21.86,40.16,13.95,0
1117,31.13,21.27,40.85,12.99,0
1118,32.36,20.83,41.26,13.04,0
1119,32.88,20.44,41.91,12.15,0
1120,32.51,20.16,42.05,12.01,0
1121,32.21,20.44,42.00,12.35,0
1122,31.35,20.56,41.84,12.41,0
1123,29.47,21.00,41.10,12.98,0
1124,28.79,21.63,40.22,13.54,0
1125,28.62,21.88,39.91,14.26,0
1126,28.87,22.18,39.82,14.42,0
1127,29.95,21.89,39.90,14.06,0
1128,29.95,21.36,40.23,13.28,0
1129,29.58,21.30,40.23,13.35,0
1130,29.52,21.78,40.46,13.94,0
1131,29.35,21.81,40.24,13.63,0
1132,28.23,21.71,40.20,13.96,0
1133,30.06,22.36,39.67,14.23,0
1134,29.47,21.63,40.45,13.51,0
1135,29.98,21.66,40.16,13.64,0
1136,30.95,21.57,40.27,13.47,0
1137,29.41,21.11,41.03,12.83,0
1138,27.94,21.55,39.99,13.96,0
1139,28.45,22.53,39.33,14.54,0
1140,28.48,22.21,39.93,14.25,0
1141,28.25,22.22,39.73,14.43,0
1142,27.94,22.33,39.66,14.24,0
1143,27.18,22.34,39.57,14.39,0
1144,27.02,23.12,38.84,14.74,0
1145,26.75,23.04,38.88,14.90,0
1146,26.78,23.32,39.05,14.89,0
1147,28.18,22.91,38.76,14.89,0
1148,28.77,22.16,39.41,14.60,0
1149,28.72,22.03,39.86,14.26,0
1150,29.52,22.09,39.83,14.34,0
1151,31.06,21.86,40.46,13.57,0
1152,30.33,20.86,41.04,12.97,0
1153,30.42,21.58,40.46,13.58,0
1154,30.09,21.48,40.85,13.17,0
1155,30.05,21.54,40.70,13.49,0
1156,31.36,21.41,40.37,13.53,0
1157,31.20,20.92,40.94,12.66,0
1158,30.69,20.95,40.99,13.02,0
1159,29.82,21.17,40.88,13.15,0
1160,27.88,21.39,40.42,13.78,0
1161,27.97,22.53,39.62,14.61,0
1162,27.74,22.52,39.58,14.37,0
1163,29.07,22.68,39.43,14.38,0
1164,28.61,21.95,40.23,13.75,0
1165,27.49,22.03,39.69,14.05,0
1166,26.19,22.71,39.04,14.71,0
1167,24.81,23.38,38.46,15.45,0
1168,23.57,24.32,37.72,15.95,0
1169,24.80,24.87,37.51,16.71,0
1170,24.69,24.20,37.93,15.98,0
1171,25.22,24.15,37.92,16.40,0
1172,24.83,24.08,38.21,15.88,0
1173,25.58,23.89,37.98,16.10,0
1174,25.17,23.82,38.28,15.51,0
1175,25.24,23.72,37.99,15.82,0
1176,24.49,23.97,38.14,16.01,0
1177,25.69,24.18,37.86,16.15,0
1178,26.23,23.45,38.46,15.63,0
1179,25.30,23.21,38.45,15.55,0
1180,25.31,23.88,38.26,15.85,0
1181,25.86,23.60,37.98,15.91,0
1182,25.38,23.33,38.46,15.72,0
1183,24.39,23.74,38.05,16.01,0
1184,24.07,24.26,37.46,16.29,0
1185,23.41,24.59,37.65,16.22,0
1186,24.64,24.55,37.45,16.86,0
1187,22.11,24.31,38.06,16.03,0
1188,22.73,25.56,36.65,17.47,0
1189,22.84,25.13,37.03,17.27,0
1190,22.97,25.25,37.14,17.05,0
1191,23.48,25.20,37.05,16.81,0
1192,22.96,24.94,37.02,16.70,0
1193,22.57,25.24,36.94,17.17,0
1194,22.57,25.33,36.99,17.40,0
1195,22.88,25.43,36.54,17.21,0
1196,23.96,25.16,36.82,16.88,0
1197,24.96,24.75,37.67,16.53,0
1198,25.66,23.83,38.05,16.23,0
1199,24.61,23.59,38.44,15.76,0
1200,23.95,24.24,37.89,15.99,0
1201,25.00,24.63,37.63,16.54,0
1202,25.71,24.01,38.09,16.03,0
1203,25.95,23.49,38.56,15.60,0
1204,25.39,23.32,38.31,15.34,0
1205,24.38,23.79,38.06,16.04,0
1206,24.00,24.27,37.90,16.35,0
1207,24.02,24.26,37.46,16.74,0
1208,25.06,24.73,37.46,16.24,0
1209,26.33,24.09,37.84,16.10,0
1210,25.88,23.46,38.57,15.21,0
1211,25.00,23.77,38.19,15.72,0
1212,22.62,24.01,38.06,15.87,0
1213,22.91,24.94,37.05,17.22,0
1214,23.76,24.80,37.20,16.94,0
1215,23.38,24.79,37.42,16.73,0
1216,23.59,24.73,37.09,16.62,0
1217,23.35,24.87,37.52,16.61,0
1218,23.83,24.68,37.41,16.71,0
1219,23.06,24.48,37.19,16.76,0
1220,22.72,24.82,36.93,16.86,0
1221,22.40,25.18,36.67,17.01,0
1222,23.15,25.55,36.95,17.41,0
1223,22.84,24.89,36.97,17.13,0
1224,22.27,25.26,36.78,16.95,0
1225,23.23,25.56,36.83,17.52,0
1226,23.36,24.80,36.93,16.73,0
1227,23.19,24.65,37.04,16.81,0
1228,22.29,25.04,36.93,16.75,0
1229,23.16,25.40,36.64,17.34,0
1230,23.90,24.84,37.25,17.01,0
1231,23.94,24.79,37.57,16.61,0
1232,23.96,24.77,37.25,16.71,0
1233,26.20,24.74,37.29,16.62,0
1234,27.05,23.64,38.52,15.38,0
1235,26.26,23.21,39.19,14.99,0
1236,27.28,23.21,38.77,15.20,0
1237,27.51,23.05,38.98,14.98,0
1238,26.35,22.89,39.39,14.78,0
1239,27.40,23.50,38.72,15.46,0
1240,27.23,22.96,39.28,14.85,0
1241,28.12,22.87,39.13,14.76,0
1242,27.39,22.58,39.54,14.24,0
1243,28.50,22.61,39.03,14.72,0
1244,29.27,22.16,39.90,14.09,0
1245,29.79,21.96,40.22,13.80,0
1246,29.00,21.60,40.45,13.64,0
1247,28.64,22.07,39.94,13.88,0
1248,28.96,22.14,39.74,14.07,0
1249,27.65,21.95,40.03,14.09,0
1250,27.38,22.48,39.15,14.93,0
1251,26.35,22.78,38.97,14.68,0
1252,25.10,23.10,38.56,15.35,0
1253,25.05,24.16,37.84,16.03,0
1254,26.42,24.13,37.91,15.89,0
1255,24.71,23.44,38.47,15.15,0
1256,24.69,24.22,37.91,15.98,0
1257,25.12,24.15,37.99,15.91,0
1258,24.49,24.09,37.91,15.97,0
1259,23.91,24.07,37.60,16.30,0
1260,23.10,24.60,37.70,16.64,0
1261,23.23,25.14,37.28,17.11,0
1262,24.02,25.05,37.08,16.80,0
1263,24.45,24.65,37.71,16.26,0
1264,25.48,24.50,37.86,16.30,0
1265,23.33,23.60,38.43,15.83,0
1266,24.03,24.69,37.36,16.63,0
1267,24.16,24.51,37.47,16.65,0
1268,24.55,24.49,37.72,16.63,0
1269,24.59,24.14,37.59,16.02,0
1270,25.24,24.43,37.61,16.28,0
1271,27.13,24.03,38.19,15.80,0
1272,27.28,23.00,39.14,14.91,0
1273,27.86,22.74,39.23,14.87,0
1274,25.48,22.80,39.18,14.39,0
1275,25.43,23.98,38.21,15.91,0
1276,25.33,23.69,38.18,15.92,0
1277,25.72,23.98,38.23,16.04,0
1278,27.42,23.46,38.12,15.42,0
1279,26.61,22.86,39.44,14.99,0
1280,27.89,23.28,38.91,15.22,0
1281,28.87,22.40,39.34,14.63,0
1282,29.64,21.99,39.86,13.93,0
1283,30.26,21.82,40.23,13.87,0
1284,28.71,21.29,40.42,13.36,0
1285,29.87,22.22,39.73,14.34,0
1286,28.74,21.59,40.46,13.61,0
1287,27.61,22.06,39.83,14.00,0
1288,29.02,22.79,39.27,14.53,0
1289,28.95,22.21,39.79,13.87,0
1290,27.43,22.21,40.05,13.97,0
1291,26.85,22.68,39.32,14.63,0
1292,27.00,22.86,38.78,14.83,0
1293,27.84,23.22,38.84,14.86,0
1294,27.57,22.58,39.38,14.43,0
1295,26.87,22.64,39.26,14.95,0
1296,27.24,23.26,38.83,15.18,0
1297,28.39,22.65,39.24,15.05,0
1298,27.37,22.16,39.82,14.12,0
1299,27.23,22.79,39.39,14.74,0
1300,27.35,22.88,39.32,14.67,0
1301,28.18,22.95,39.21,15.02,0
1302,29.18,22.35,39.80,14.26,0
1303,27.47,21.96,39.99,14.10,0
1304,26.99,22.59,39.16,15.01,0
1305,27.44,23.19,39.01,14.80,0
1306,28.59,22.84,39.12,14.70,0
1307,27.90,22.21,39.82,14.02,0
1308,28.18,22.44,39.44,14.40,0
1309,27.35,22.43,39.43,14.38,0
1310,26.30,22.91,39.08,14.62,0
1311,28.53,23.20,38.55,15.16,0
1312,26.86,22.31,39.63,14.40,0
1313,28.02,23.27,38.75,14.91,0
1314,27.75,22.28,39.60,14.50,0
1315,27.62,22.67,39.33,14.42,0
1316,27.59,22.61,39.32,14.88,0
1317,28.02,22.52,39.50,14.82,0
1318,28.23,22.41,39.59,14.59,0
1319,27.37,22.43,39.47,14.15,0
1320,26.34,22.77,39.00,14.94,0
1321,27.13,23.31,38.56,15.52,0
1322,26.29,23.12,38.84,15.08,0
1323,26.26,23.32,38.63,15.45,0
1324,26.87,23.58,38.67,15.19,0
1325,27.67,23.12,39.05,14.86,0
1326,27.86,22.81,39.42,14.90,0
1327,27.36,22.79,39.42,14.49,0
1328,26.59,22.89,38.94,15.04,0
1329,25.91,23.24,38.83,15.22,0
1330,23.90,23.50,38.42,15.46,0
1331,25.64,24.51,37.47,16.70,0
1332,25.66,23.62,38.31,15.55,0
1333,24.77,23.78,38.24,15.68,0
1334,24.70,24.25,37.75,16.07,0
1335,24.61,24.26,37.63,16.20,0
1336,24.32,24.04,37.80,16.18,0
1337,24.15,24.16,37.62,16.41,0
1338,24.55,24.49,37.53,16.53,0
1339,24.92,24.34,37.88,16.24,0
1340,24.94,24.13,37.83,16.20,0
1341,23.39,24.08,38.04,16.07,0
1342,21.53,24.59,37.15,16.68,0
1343,21.13,25.85,36.03,17.85,0
1344,21.87,25.86,36.21,18.16,0
1345,22.51,25.46,36.39,17.75,0
1346,22.10,25.14,37.00,17.24,0
1347,21.27,25.53,36.73,17.58,0
1348,22.04,25.74,35.97,17.73,0
1349,23.59,25.43,36.38,17.62,0
1350,22.61,24.62,37.34,16.46,0
1351,22.81,25.39,36.91,17.15,0
1352,24.40,25.22,36.90,16.94,0
1353,23.80,24.19,37.78,16.20,0
1354,25.69,24.50,37.60,16.42,0
1355,24.96,23.43,38.35,15.69,0
1356,24.31,23.97,37.87,15.81,0
1357,24.77,24.50,37.50,16.48,0
1358,25.56,23.97,37.78,15.93,0
1359,26.83,23.49,38.34,15.76,0
1360,28.49,23.06,38.73,14.94,0
1361,27.63,22.46,39.58,14.39,0
1362,26.21,22.71,39.39,14.82,0
1363,26.37,23.21,38.58,15.51,0
1364,26.57,23.08,38.43,15.22,0
1365,26.87,23.04,39.00,15.40,0
1366,26.46,22.83,38.78,14.83,0
1367,25.79,23.52,38.66,15.09,0
1368,24.57,23.79,38.16,15.59,0
1369,24.92,24.44,37.86,16.06,0
1370,24.77,23.95,38.11,15.99,0
1371,24.18,24.12,37.65,15.92,0
1372,25.86,24.16,37.70,16.65,0
1373,25.84,23.45,38.40,15.74,0
1374,26.73,23.60,38.48,15.72,0
1375,26.19,23.21,39.11,15.33,0
1376,26.51,23.49,38.67,15.58,0
1377,26.90,23.09,38.75,15.12,0
1378,27.85,23.06,38.83,15.26,0
1379,27.75,22.73,39.47,14.65,0
1380,29.68,22.58,39.22,14.87,0
1381,30.55,21.69,40.54,13.77,0
1382,29.01,21.44,40.92,13.15,0
1383,28.53,21.83,39.90,14.14,0
1384,29.25,22.25,39.64,14.45,0
1385,28.30,22.10,40.20,13.75,0
1386,27.24,22.14,39.65,14.10,0
1387,25.34,22.70,39.27,15.05,0
1388,24.22,23.63,38.28,15.71,0
1389,24.88,24.64,37.71,16.60,0
1390,25.47,24.21,38.12,16.02,0
1391,26.98,23.70,38.47,15.55,0
1392,26.62,23.03,39.13,14.88,0
1393,28.01,23.25,39.03,15.02,0
1394,28.33,22.71,39.34,14.57,0
1395,30.32,22.28,39.67,14.34,0
1396,29.30,21.38,40.67,13.13,0
1397,31.32,22.05,40.35,13.94,0
1398,31.76,20.86,41.01,12.69,0
1399,31.55,20.55,41.23,12.76,0
1400,31.93,20.65,41.48,12.53,0
1401,30.98,20.74,41.59,12.62,0
1402,32.89,20.92,40.97,12.95,0
1403,33.52,19.82,41.96,12.30,0
1404,33.91,19.85,42.44,11.81,0
1405,35.44,19.71,42.57,11.57,0
1406,34.94,18.91,43.31,10.96,0
1407,35.49,18.78,42.91,11.26,0
1408,35.49,18.83,43.11,10.89,0
1409,33.80,18.60,43.44,10.68,0
1410,35.64,19.47,42.46,11.42,0
1411,36.93,18.86,43.53,10.57,0
1412,36.29,18.19,43.96,9.96,0
1413,34.46,18.59,43.74,10.40,0
1414,34.51,19.49,42.77,11.21,0
1415,34.58,19.25,42.99,11.37,0
1416,34.35,19.00,42.69,11.04,0
1417,33.48,19.39,42.84,11.40,0
1418,33.60,19.56,42.28,11.94,0
1419,35.69,19.56,42.44,11.66,0
1420,35.62,18.43,43.42,10.76,0
1421,36.45,18.59,43.53,10.61,0
1422,36.87,18.39,43.63,10.06,0
1423,39.39,18.25,44.03,10.24,0
1424,41.03,16.75,45.34,8.67,0
1425,41.92,16.07,46.14,8.04,0
1426,41.36,15.75,46.30,7.78,0
1427,41.59,15.88,46.10,7.59,0
1428,39.80,15.68,46.10,7.84,0
1429,40.63,16.75,45.19,8.40,0
1430,39.56,16.08,45.98,8.32,0
1431,39.16,16.58,45.07,8.85,0
1432,39.49,16.79,45.23,9.12,0
1433,39.04,16.68,45.31,8.52,0
1434,39.13,16.98,45.24,9.07,0
1435,39.80,17.02,44.95,8.87,0
1436,40.44,16.71,45.51,8.44,0
1437,40.68,16.52,45.54,8.09,0
1438,41.17,16.24,46.07,8.38,0
1439,42.37,15.89,46.14,7.78,0
1440,41.99,17.02,46.92,7.33,0
1441,42.60,16.71,46.25,7.66,0
1442,41.83,16.52,47.00,7.16,0
1443,40.91,16.24,46.41,7.53,0
1444,40.59,15.89,45.83,8.23,0
1445,40.30,-6.30,45.71,8.09,1
1446,39.86,-6.17,45.62,8.11,1
1447,40.19,-5.80,45.63,8.73,1
1448,38.72,-5.93,45.65,8.18,1
1449,39.21,-5.17,44.86,9.08,1
1450,39.15,-5.14,45.14,8.74,1
1451,37.93,-5.18,44.94,8.72,1
1452,37.47,-4.57,44.65,9.50,1
1453,36.44,-4.28,44.22,9.58,1
1454,35.47,-3.78,43.73,10.26,1
1455,36.00,-3.40,43.38,10.64,1
1456,35.75,-3.74,43.70,10.45,1
1457,35.48,-3.44,43.26,10.55,1
1458,34.49,-3.72,43.25,10.93,1
1459,34.64,-3.24,42.62,11.47,1
1460,35.74,-3.02,43.04,11.03,1
1461,35.70,-3.44,43.21,10.39,1
1462,36.39,-3.49,43.35,10.45,1
1463,36.07,-3.81,43.79,10.23,1
1464,36.43,-3.97,43.63,10.50,1
1465,35.41,-3.98,43.63,10.44,1
1466,33.19,-3.62,43.22,10.82,1
1467,34.51,-2.45,42.25,12.11,1
1468,34.13,-2.97,43.00,11.17,1
1469,36.34,-2.95,42.72,11.61,1
1470,34.65,-3.93,43.86,10.09,1
1471,34.38,-2.98,42.87,10.99,1
1472,33.17,-3.12,42.46,11.12,1
1473,34.75,-2.13,42.31,11.84,1
1474,34.75,-3.03,43.06,10.89,1
1475,34.40,-2.99,42.92,10.91,1
1476,33.13,-2.86,42.49,11.10,1
1477,33.23,-2.54,41.83,12.03,1
1478,33.56,-2.36,42.18,11.72,1
1479,33.14,-2.54,42.29,11.86,1
1480,32.50,-2.10,41.98,11.85,1
1481,29.14,-2.11,35.96,12.34,1
1482,25.32,-0.44,30.91,13.79,1
1483,15.32,-0.28,23.27,13.59,1
1484,23.82,0.23,30.37,14.60,1
1485,27.06,0.10,39.50,14.48,1
1486,27.98,0.57,38.97,14.90,1
1487,28.95,0.32,39.34,14.72,1
1488,28.95,-0.27,39.81,13.96,1
1489,30.51,-0.45,40.21,14.25,1
1490,31.59,-1.11,40.60,13.01,1
1491,33.41,-1.81,41.07,12.83,1
1492,33.30,-2.70,42.12,11.55,1
1493,34.13,-2.27,41.92,12.04,1
1494,34.43,-2.81,42.33,11.19,1
1495,34.73,-3.01,42.88,11.42,1
1496,34.19,-3.16,42.94,11.32,1
1497,33.89,-3.00,42.84,11.35,1
1498,33.14,-2.64,42.28,11.69,1
1499,33.24,-2.56,42.06,12.06,1
1500,33.77,-2.47,42.30,11.95,1
1501,34.11,-2.55,42.29,11.37,1
1502,35.20,-3.04,42.50,11.39,1
1503,37.58,-3.39,43.21,11.13,1
1504,37.32,-4.59,44.14,9.56,1
1505,38.53,-4.26,44.13,9.96,1
1506,37.50,-5.26,44.79,9.19,1
1507,36.64,-4.41,44.08,9.97,1
1508,36.07,-4.32,43.79,9.94,1
1509,36.07,-3.80,43.63,10.45,1
1510,34.93,-3.76,43.60,10.36,1
1511,33.98,-3.29,42.87,11.04,1
1512,34.39,-2.52,42.60,11.30,1
1513,33.69,-3.02,42.68,11.16,1
1514,32.74,-2.78,42.43,11.76,1
1515,34.51,-2.14,41.93,12.15,1
1516,35.02,-3.24,42.72,11.23,1
1517,35.07,19.24,43.18,11.11,1
1518,35.72,18.80,43.11,10.88,0
1519,35.88,18.78,43.51,10.79,0
1520,34.67,18.52,43.27,10.78,0
1521,34.28,19.01,42.92,11.38,0
1522,32.21,19.52,42.45,11.13,0
1523,33.34,20.50,41.53,12.24,0
1524,33.96,20.00,41.97,11.61,0
1525,34.53,19.68,42.37,11.71,0
1526,34.23,19.32,42.55,11.33,0
1527,34.37,19.50,42.67,11.52,0
1528,34.05,19.53,42.72,11.36,0
1529,32.32,19.65,42.56,11.37,0
1530,32.28,20.18,41.86,12.57,0
1531,32.57,20.47,41.73,12.45,0
1532,32.34,20.31,41.55,12.12,0
1533,31.54,20.12,41.69,12.20,0
1534,31.74,20.64,41.20,12.81,0
1535,33.44,20.64,41.53,12.60,0
1536,32.95,19.76,42.32,12.01,0
1537,34.87,20.26,42.05,12.26,0
1538,36.59,19.02,43.04,11.03,0
1539,35.86,18.40,43.87,10.06,0
1540,35.29,18.63,43.44,10.66,0
1541,35.41,18.78,43.36,10.69,0
1542,35.36,18.78,43.28,11.02,0
1543,34.44,18.75,43.15,10.99,0
1544,33.66,19.24,42.51,11.22,0
1545,34.47,19.75,42.15,11.82,0
1546,32.73,19.07,42.91,11.30,0
1547,33.88,20.01,42.08,12.13,0
1548,34.91,19.54,42.48,11.70,0
1549,34.84,18.82,42.83,10.90,0
1550,36.52,19.30,42.78,10.87,0
1551,34.67,18.46,43.69,9.99,0
1552,33.16,19.15,42.63,11.28,0
1553,32.18,19.98,41.92,11.84,0
1554,32.43,20.48,41.83,12.30,0
1555,31.62,20.15,41.50,12.16,0
1556,31.04,20.79,41.28,12.76,0
1557,32.16,20.87,40.98,12.89,0
1558,32.95,20.49,41.42,12.62,0
1559,32.39,19.79,42.07,11.98,0
1560,32.65,20.43,41.55,12.35,0
1561,31.96,19.96,41.86,12.36,0
1562,32.75,20.49,41.64,12.36,0
1563,31.88,20.24,41.76,12.29,0
1564,32.59,20.71,41.26,12.42,0
1565,31.73,20.11,41.89,12.28,0
1566,31.96,20.66,41.51,12.69,0
1567,32.86,20.42,41.65,12.39,0
1568,32.60,20.27,41.92,12.24,0
1569,33.27,20.19,42.04,12.31,0
1570,33.49,19.89,42.26,11.95,0
1571,31.59,19.91,42.21,11.53,0
1572,31.92,20.57,41.11,12.61,0
1573,31.45,20.48,41.53,12.44,0
1574,32.35,20.60,41.02,12.81,0
1575,32.01,20.36,41.62,12.53,0
1576,32.78,20.63,41.42,12.61,0
1577,32.53,20.07,41.94,12.08,0
1578,31.92,20.34,41.72,12.16,0
1579,31.26,20.33,41.41,12.51,0
1580,28.95,20.79,41.21,12.75,0
1581,30.80,21.97,40.20,13.83,0
1582,31.30,21.18,41.01,12.97,0
1583,30.88,20.86,41.34,12.85,0
1584,31.13,21.27,41.17,12.86,0
1585,32.05,21.05,41.31,12.75,0
1586,32.40,20.66,41.43,12.24,0
1587,34.52,20.39,41.75,12.08,0
1588,35.09,19.46,42.65,11.03,0
1589,35.69,19.09,43.17,10.91,0
1590,37.45,18.74,43.14,10.57,0
1591,38.50,17.96,44.23,10.01,0
1592,38.94,17.33,44.56,9.16,0
1593,38.29,16.79,45.05,9.24,0
1594,38.21,17.25,44.74,9.57,0
1595,37.54,17.28,44.52,9.48,0
1596,38.70,17.53,44.06,9.95,0
1597,37.63,17.07,44.75,8.91,0
1598,38.12,17.75,44.14,9.49,0
1599,39.30,17.24,44.56,9.62,0
1600,39.40,16.78,45.19,8.76,0
1601,39.62,16.87,45.09,8.64,0
1602,40.11,16.49,45.52,8.57,0
1603,40.19,16.28,45.38,8.62,0
1604,40.53,16.30,45.60,8.60,0
1605,41.68,16.00,45.98,8.30,0
1606,42.46,15.77,46.40,7.56,0
1607,40.68,15.38,46.80,7.25,0
1608,41.25,16.17,45.68,8.25,0
1609,40.35,15.86,46.16,8.03,0
1610,40.40,16.20,45.92,8.26,0
1611,40.14,16.41,45.67,8.22,0
1612,39.35,16.54,45.59,8.49,0
1613,39.53,16.85,45.02,8.99,0
1614,38.04,16.74,45.38,8.96,0
1615,40.64,17.34,44.34,9.60,0
1616,40.12,15.97,45.67,8.10,0
1617,38.97,16.51,45.71,8.51,0
1618,38.83,16.90,44.83,9.14,0
1619,37.81,17.01,44.82,9.23,0
1620,37.22,17.60,44.36,9.84,0
1621,38.03,17.89,43.99,9.85,0
1622,39.24,17.66,44.31,9.27,0
1623,41.28,16.68,44.88,8.94,0
1624,41.96,15.87,46.26,7.87,0
1625,41.86,15.77,46.33,7.54,0
1626,40.46,15.69,46.21,7.78,0
1627,39.83,16.19,45.92,8.05,0
1628,38.56,16.68,45.23,8.73,0
1629,35.84,17.39,45.01,9.15,0
1630,36.38,18.47,43.24,10.82,0
1631,35.14,18.14,43.63,10.54,0
1632,35.25,18.83,43.11,11.06,0
1633,38.71,18.63,42.98,11.08,0
1634,37.44,17.05,44.73,9.22,0
1635,38.35,17.93,44.07,9.93,0
1636,37.49,17.11,44.64,9.35,0
1637,39.93,17.95,44.25,9.92,0
1638,39.64,16.45,45.53,8.47,0
1639,40.44,16.86,45.52,8.86,0
1640,40.25,16.33,45.90,8.17,0
1641,40.46,16.50,45.65,8.57,0
1642,41.29,16.10,45.67,8.33,0
1643,41.26,15.73,46.14,7.92,0
1644,42.04,16.03,46.37,7.92,0
1645,40.91,15.71,46.58,7.45,0
1646,41.72,16.29,46.06,8.16,0
1647,40.68,15.48,46.41,7.87,0
1648,41.80,16.17,45.87,8.04,0
1649,40.57,15.51,46.36,7.37,0
1650,38.49,16.39,45.72,8.44,0
1651,39.57,17.17,44.83,9.45,0
1652,37.73,16.74,45.31,8.54,0
1653,37.84,17.51,44.43,9.78,0
1654,37.13,17.34,44.40,9.81,0
1655,38.11,18.07,43.94,9.76,0
1656,37.56,17.65,44.70,9.49,0
1657,38.49,17.53,44.29,9.83,0
1658,38.55,17.37,44.98,9.06,0
1659,39.01,17.21,44.86,9.38,0
1660,37.76,16.89,45.16,8.75,0
1661,38.27,17.76,44.59,9.75,0
1662,37.12,17.56,44.76,9.22,0
1663,36.24,18.12,43.88,9.84,0
1664,37.66,18.13,43.79,10.60,0
1665,38.98,17.65,44.33,9.66,0
1666,41.15,17.19,44.90,9.04,0
1667,41.36,15.69,46.05,7.82,0
1668,39.28,15.65,45.96,7.70,0
1669,38.70,16.96,45.06,8.84,0
1670,39.89,17.36,45.09,9.02,0
1671,39.71,16.41,45.42,8.56,0
1672,38.97,16.57,45.11,8.61,0
1673,40.07,16.96,45.23,9.00,0
1674,39.45,16.30,45.61,8.27,0
1675,39.00,16.70,45.32,8.53,0
1676,40.27,16.77,44.79,9.01,0
1677,40.97,16.45,45.66,8.32,0
1678,42.04,16.16,45.93,7.89,0
1679,43.05,15.34,46.72,7.61,0
1680,40.99,15.06,47.11,7.22,0
1681,39.93,16.04,45.83,7.86,0
1682,38.27,16.56,45.27,8.37,0
1683,37.79,17.16,44.80,9.47,0
1684,37.17,17.65,44.20,9.42,0
1685,39.04,17.72,44.30,9.96,0
1686,38.49,16.92,44.94,8.86,0
1687,37.55,17.28,44.82,9.36,0
1688,37.00,17.77,44.40,9.61,0
1689,36.68,18.06,44.24,10.06,0
1690,36.93,18.36,43.83,9.98,0
1691,37.16,17.79,43.99,10.20,0
1692,37.07,17.81,44.05,9.97,0
1693,37.23,18.11,44.26,9.78,0
1694,37.15,18.04,43.90,9.71,0
1695,34.78,17.79,44.25,9.68,0
1696,36.57,19.28,42.99,10.98,0
1697,36.53,18.29,43.58,10.08,0
1698,35.32,17.99,43.96,10.41,0
1699,35.84,18.89,43.41,10.79,0
1700,37.55,18.59,43.50,10.37,0
1701,37.77,17.56,44.49,9.83,0
1702,37.17,17.41,44.59,9.85,0
1703,35.75,17.95,44.22,9.94,0
1704,36.49,18.47,43.17,10.57,0
1705,36.07,18.44,43.80,10.27,0
1706,37.27,18.58,43.44,10.55,0
1707,38.06,17.68,44.03,9.85,0
1708,36.58,17.52,44.28,9.22,0
1709,38.15,18.31,43.54,10.38,0
1710,37.33,17.47,44.63,9.26,0
1711,36.63,17.94,44.13,9.82,0
1712,38.06,18.35,43.80,10.00,0
1713,37.99,17.39,44.57,9.32,0
1714,36.54,17.45,44.70,9.68,0
1715,35.86,18.46,43.67,10.45,0
1716,35.95,18.59,43.32,10.36,0
1717,35.56,18.31,43.72,10.45,0
1718,35.62,18.71,43.32,10.63,0
1719,34.50,18.74,43.33,10.46,0
1720,34.46,19.44,42.93,11.38,0
1721,36.70,19.09,42.56,11.16,0
1722,38.50,18.15,43.75,10.09,0
1723,38.68,17.03,44.88,9.43,0
1724,37.10,17.24,44.82,9.31,0
1725,35.53,18.19,44.18,9.88,0
1726,33.21,18.66,43.45,10.68,0
1727,32.51,19.80,42.34,11.86,0
1728,33.22,20.40,41.53,12.44,0
1729,32.63,19.73,42.10,11.81,0
1730,32.25,20.03,41.89,12.12,0
1731,33.38,20.26,41.83,12.62,0
1732,33.15,19.93,41.99,11.82,0
1733,33.08,19.91,42.25,11.95,0
1734,33.35,19.93,41.89,12.11,0
1735,35.16,19.96,42.42,11.93,0
1736,32.32,18.91,43.05,10.87,0
1737,33.00,20.55,41.43,12.49,0
1738,32.23,20.07,41.77,12.19,0
1739,31.02,20.24,41.75,12.42,0
1740,28.88,20.79,40.78,12.99,0
1741,28.88,22.24,40.11,13.97,0
1742,30.34,21.89,40.02,14.28,0
1743,31.38,21.31,40.83,13.28,0
1744,32.83,20.78,41.16,12.95,0
1745,31.36,19.95,41.67,12.03,0
1746,32.81,20.70,41.20,12.57,0
1747,32.83,20.02,41.75,12.22,0
1748,32.27,20.33,41.89,11.92,0
1749,29.98,20.54,41.65,12.42,0
1750,31.03,21.41,40.68,13.45,0
1751,30.24,20.76,41.25,12.90,0
1752,30.04,21.51,40.69,13.54,0
1753,30.44,21.46,40.75,13.70,0
1754,29.10,21.17,40.78,13.36,0
1755,31.11,21.76,39.94,13.92,0
1756,30.20,21.09,41.19,12.81,0
1757,31.37,21.30,40.56,13.57,0
1758,30.08,20.88,40.94,13.04,0
1759,29.47,21.66,40.32,13.60,0
1760,29.54,22.00,40.02,13.60,0
1761,31.03,21.74,40.45,13.66,0
1762,31.90,20.85,40.79,12.95,0
1763,31.24,20.71,41.66,12.77,0
1764,29.64,20.83,41.36,13.07,0
1765,29.12,21.44,40.20,13.43,0
1766,28.59,21.73,39.83,14.11,0
1767,28.25,22.06,39.98,14.42,0
1768,27.22,22.35,39.38,14.48,0
1769,27.72,22.72,38.94,15.06,0
1770,28.20,22.57,39.13,14.60,0
1771,29.35,22.26,39.84,14.31,0
1772,30.57,21.89,40.38,13.86,0
1773,29.20,21.34,40.97,13.45,0
1774,27.86,21.89,39.95,13.88,0
1775,26.74,22.77,39.64,14.74,0
1776,25.91,23.11,38.62,15.15,0
1777,24.86,23.51,38.66,15.66,0
1778,23.66,24.08,37.72,16.20,0
1779,23.05,24.49,37.54,16.61,0
1780,22.81,25.06,37.23,17.09,0
1781,23.67,25.06,36.72,16.98,0
1782,23.51,24.90,37.30,16.53,0
1783,23.46,24.83,37.43,16.81,0
1784,23.58,24.97,37.41,16.94,0
1785,24.24,24.55,37.14,16.54,0
1786,22.28,24.19,37.73,16.56,0
1787,20.86,25.22,36.62,17.27,0
1788,21.29,26.16,35.92,18.27,0
1789,21.34,25.90,35.91,17.75,0
1790,21.89,25.83,36.39,17.66,0
1791,21.86,25.67,36.27,17.71,0
1792,21.18,25.69,36.43,17.48,0
1793,21.78,25.79,35.85,18.02,0
1794,22.17,25.76,36.24,17.44,0
1795,21.31,25.30,36.44,17.34,0
1796,20.36,25.83,36.18,17.64,0
1797,21.04,26.51,35.48,18.33,0
1798,19.99,26.02,35.86,17.80,0
1799,20.81,26.37,35.64,18.56,0
1800,21.67,26.29,35.76,18.04,0
1801,19.55,25.84,36.30,17.71,0
1802,20.97,26.78,35.06,18.73,0
1803,21.00,26.02,36.21,17.98,0
1804,19.91,26.17,35.77,18.15,0
1805,19.92,26.55,35.46,18.47,0
1806,19.41,26.58,35.55,18.64,0
1807,19.59,26.79,35.41,19.04,0
1808,21.08,26.75,35.10,18.89,0
1809,22.07,25.91,36.04,18.14,0
1810,19.70,25.36,36.42,17.62,0
1811,18.03,26.70,35.11,18.67,0
1812,18.53,27.64,34.41,19.58,0
1813,17.96,27.01,34.99,19.45,0
1814,17.24,27.63,34.40,19.58,0
1815,18.22,27.64,34.05,20.03,0
1816,17.73,27.18,34.63,19.26,0
1817,16.76,27.74,34.12,19.39,0
1818,16.54,27.96,33.76,19.97,0
1819,17.03,28.25,33.84,20.07,0
1820,16.10,27.89,34.02,20.01,0
1821,16.96,28.54,33.58,20.60,0
1822,17.35,28.06,33.92,19.94,0
1823,16.65,27.60,34.24,19.85,0
1824,16.95,27.99,33.58,20.08,0
1825,16.94,28.23,33.81,20.01,0
1826,18.19,27.94,34.17,19.93,0
1827,16.43,27.18,34.81,19.21,0
1828,15.33,28.35,33.94,20.18,0
1829,14.84,28.96,33.31,21.03,0
1830,15.42,28.99,32.91,21.33,0
1831,16.38,28.80,33.31,20.80,0
1832,15.65,28.34,33.93,20.51,0
1833,16.86,28.63,33.24,20.44,0
1834,16.14,28.10,33.77,19.90,0
1835,15.42,28.54,33.64,20.29,0
1836,15.19,28.65,33.08,20.55,0
1837,14.01,29.12,32.87,20.69,0
1838,12.70,29.58,32.48,21.63,0
1839,12.14,30.19,31.62,22.15,0
1840,12.32,30.44,31.58,22.45,0
1841,12.74,30.44,31.51,22.19,0
1842,10.82,30.07,31.86,22.19,0
1843,12.66,31.09,30.72,23.01,0
1844,12.74,30.34,31.59,22.22,0
1845,14.66,29.97,31.87,22.30,0
1846,14.33,29.30,32.74,21.11,0
1847,14.16,29.58,32.72,21.51,0
1848,14.78,29.33,32.46,21.65,0
1849,13.81,29.01,33.01,21.20,0
1850,15.03,29.40,32.20,21.66,0
1851,15.46,29.11,33.20,21.17,0
1852,15.14,28.80,33.33,20.61,0
1853,14.52,29.08,33.31,21.11,0
1854,13.58,29.46,32.76,21.07,0
1855,12.67,29.62,32.45,21.55,0
1856,13.70,30.38,31.72,22.24,0
1857,13.30,29.49,32.56,21.66,0
1858,14.89,29.70,32.37,22.04,0
1859,16.46,29.19,33.02,21.25,0
1860,15.81,28.41,33.53,20.03,0
1861,15.50,28.62,33.26,20.53,0
1862,15.35,28.64,33.21,20.55,0
1863,15.98,28.97,33.39,20.95,0
1864,16.26,28.75,33.44,20.68,0
1865,14.52,28.41,33.42,20.54,0
1866,13.10,29.16,32.62,21.19,0
1867,12.67,29.77,32.29,21.89,0
1868,13.74,30.22,31.87,22.24,0
1869,13.19,29.85,32.54,21.59,0
1870,17.66,29.78,32.04,21.82,0
1871,17.88,30.34,31.83,21.94,0
1872,17.02,29.91,32.09,22.13,0
1873,16.92,30.51,31.43,22.26,0
1874,16.72,30.57,31.39,22.64,0
1875,14.94,30.77,31.42,22.87,0
1876,16.41,31.66,30.72,23.39,0
1877,17.20,30.94,30.99,22.66,0
1878,16.45,30.20,31.84,22.64,0
1879,14.92,30.92,31.12,22.60,0
1880,12.86,31.46,30.33,23.79,0
1881,14.76,32.74,29.30,24.55,0
1882,15.38,31.87,30.63,23.46,0
1883,14.52,31.20,30.45,23.30,0
1884,13.47,31.64,30.44,23.59,0
1885,13.55,32.22,29.70,24.25,0
1886,13.70,32.16,29.69,24.39,0
1887,12.86,32.03,29.94,24.19,0
1888,14.20,32.72,29.36,24.76,0
1889,15.66,31.76,30.33,23.84,0
1890,15.27,31.37,31.04,23.03,0
1891,13.82,31.28,30.46,23.33,0
1892,14.16,32.09,30.15,23.99,0
1893,13.23,31.91,30.01,23.80,0
1894,13.17,32.32,29.86,24.21,0
1895,14.29,32.59,29.62,24.61,0
1896,14.34,32.03,30.06,23.83,0
1897,11.23,31.92,30.25,24.05,0
1898,12.78,33.34,32.62,25.26,0
1899,11.75,34.34,31.98,26.27,0
1900,10.62,34.56,31.62,26.85,0
1901,10.69,35.42,30.98,27.12,0
1902,9.06,35.39,30.70,27.01,0
1903,9.46,36.01,30.07,27.98,0
1904,8.68,35.70,30.38,27.74,0
1905,8.53,36.22,29.94,27.98,0
1906,8.00,36.26,29.90,28.12,0
1907,8.91,36.59,29.65,28.46,0
1908,10.76,37.11,28.96,28.95,0
1909,12.31,38.01,28.21,30.04,0
1910,10.23,38.86,27.17,30.75,0
1911,9.41,39.25,26.97,31.30,0
1912,10.63,38.93,27.12,30.85,0
1913,10.05,39.10,26.74,31.15,0
1914,10.00,38.87,27.04,31.10,0
1915,11.98,39.24,27.13,30.88,0
1916,12.73,40.02,26.23,32.19,0
1917,11.51,40.45,25.88,32.21,0
1918,10.36,39.81,26.00,31.57,0
1919,9.60,39.09,26.74,31.25,0
1920,8.78,38.63,27.10,31.00,0
1921,8.91,38.21,27.59,30.31,0
1922,8.27,38.27,27.47,30.39,0
1923,6.83,38.23,27.69,30.17,0
1924,7.52,37.54,28.68,29.36,0
1925,7.97,37.83,28.16,29.91,0
1926,6.62,38.01,28.23,30.16,0
1927,7.36,37.53,28.53,29.19,0
1928,8.28,37.87,28.43,29.70,0
1929,8.64,37.97,28.06,30.20,0
1930,8.55,38.29,27.64,30.11,0
1931,7.52,38.31,27.78,30.38,0
1932,9.21,37.76,28.47,29.73,0
1933,9.54,38.73,27.31,30.50,0
1934,7.85,38.84,27.38,30.84,0
1935,6.90,38.08,27.98,29.90,0
1936,7.86,37.68,28.67,29.30,0
1937,8.37,37.87,28.08,30.07,0
1938,9.43,38.28,28.05,30.10,0
1939,8.47,38.56,27.07,30.72,0
1940,6.63,38.11,27.57,30.03,0
1941,5.26,37.29,28.83,29.13,0
1942,5.18,36.16,29.40,28.57,0
1943,5.02,36.44,29.44,28.38,0
1944,5.21,36.38,29.52,28.68,0
1945,5.02,36.54,29.26,28.65,0
1946,5.40,36.69,29.48,28.30,0
1947,5.25,36.31,29.73,28.08,0
1948,6.43,36.59,29.41,28.45,0
1949,5.53,37.32,29.03,29.10,0
1950,6.47,36.48,29.96,28.14,0
1951,6.77,35.97,30.08,27.76,0
1952,8.02,35.80,30.32,27.42,0
1953,8.90,34.75,31.02,27.22,0
1954,7.77,34.37,31.28,26.35,0
1955,6.16,34.91,30.64,27.32,0
1956,6.23,36.06,30.09,27.81,0
1957,5.82,35.76,29.95,27.87,0
1958,6.18,36.24,29.95,28.21,0
1959,5.38,36.01,30.09,27.75,0
1960,6.14,36.48,29.50,28.49,0
1961,6.64,35.76,30.12,28.05,0
1962,8.24,35.69,30.46,27.54,0
1963,7.82,34.73,31.22,27.12,0
1964,8.32,34.96,31.08,26.90,0
1965,9.37,34.93,31.18,26.62,0
1966,11.24,34.33,31.79,26.39,0
1967,11.80,33.62,32.74,25.58,0
1968,12.44,33.04,32.93,25.32,0
1969,11.83,32.92,33.18,24.79,0
1970,11.65,33.07,33.03,25.15,0
1971,12.79,33.00,32.78,24.95,0
1972,11.96,32.37,33.18,24.45,0
1973,11.12,33.10,33.17,24.99,0
1974,10.35,33.63,32.39,25.53,0
1975,11.38,33.73,32.05,26.00,0
1976,11.71,33.35,32.65,25.27,0
1977,12.98,33.05,32.95,25.30,0
1978,8.32,32.70,29.69,24.41,0
1979,8.75,32.42,29.89,24.54,0
1980,8.75,32.08,29.71,24.04,0
1981,9.96,32.08,29.95,23.91,0
1982,8.71,31.61,30.51,23.76,0
1983,8.25,32.16,29.67,24.28,0
1984,7.58,32.26,29.56,24.49,0
1985,10.02,32.49,29.43,24.83,0
1986,10.06,31.74,30.28,23.35,0
1987,11.52,31.43,30.54,23.28,0
1988,11.63,30.67,31.07,22.56,0
1989,11.05,30.58,31.40,22.71,0
1990,11.43,30.88,30.78,22.78,0
1991,10.84,30.99,31.24,22.92,0
1992,10.50,31.10,31.04,23.16,0
1993,9.90,31.39,30.62,23.20,0
1994,8.45,31.72,30.26,23.33,0
1995,9.97,32.44,29.91,24.44,0
1996,8.92,31.62,30.64,23.66,0
1997,7.51,32.08,30.16,23.89,0
1998,8.43,32.55,29.26,24.84,0
1999,7.60,32.44,29.71,24.06,0
2000,4.52,32.67,29.20,24.68,0
2001,3.89,34.10,27.77,26.09,0
2002,4.25,34.41,27.44,26.71,0
2003,6.61,34.35,27.47,26.57,0
2004,7.28,33.21,28.75,25.10,0
2005,6.90,32.73,29.25,25.11,0
2006,7.14,32.88,28.75,25.20,0
2007,7.95,33.15,29.26,25.17,0
2008,8.34,32.41,29.46,24.72,0
2009,8.91,32.49,29.49,24.43,0
2010,9.05,31.81,29.74,24.13,0
2011,7.80,32.17,30.16,24.06,0
2012,7.05,32.81,29.16,24.63,0
2013,7.80,33.09,28.83,25.10,0
2014,8.02,32.75,29.43,24.64,0
2015,9.16,32.44,29.67,24.51,0
2016,8.40,31.70,30.31,23.94,0
2017,7.82,32.20,29.83,24.17,0
2018,8.02,32.61,29.48,24.66,0
2019,7.79,32.54,29.39,24.49,0
2020,7.46,32.42,29.57,24.60,0
2021,6.33,32.73,29.17,24.79,0
2022,6.90,33.39,28.56,25.45,0
2023,6.73,32.83,28.82,25.10,0
2024,7.37,33.19,28.95,25.14,0
2025,8.00,32.69,29.40,24.68,0
2026,9.10,32.55,29.38,24.28,0
2027,9.30,31.86,30.17,24.04,0
2028,11.40,32.04,30.37,24.08,0
2029,11.97,30.79,31.14,23.00,0
2030,12.29,30.33,31.26,22.66,0
2031,13.19,30.42,31.52,22.50,0
2032,14.49,29.95,32.17,22.06,0
2033,14.82,29.40,32.86,21.13,0
2034,14.52,28.99,33.07,21.12,0
2035,13.13,29.06,32.95,21.38,0
2036,13.35,30.17,31.83,22.02,0
2037,12.83,30.06,32.08,21.80,0
2038,12.35,30.20,31.68,22.18,0
2039,11.48,30.48,31.72,22.54,0
2040,10.23,30.55,31.24,22.81,0
2041,11.90,31.63,30.83,23.14,0
2042,13.43,30.63,31.20,22.64,0
2043,12.30,29.93,32.33,21.97,0
2044,12.71,30.15,31.43,22.46,0
2045,13.90,29.92,31.79,22.03,0
2046,14.78,29.43,32.32,21.66,0
2047,13.34,29.28,32.73,21.36,0
2048,13.63,29.98,32.19,21.89,0
2049,15.87,29.46,32.35,21.61,0
2050,15.06,28.80,33.63,20.32,0
2051,15.80,28.97,33.18,21.08,0
2052,15.59,28.69,33.42,20.73,0
2053,16.73,28.54,33.38,20.71,0
2054,18.49,27.92,33.91,20.04,0
2055,18.41,27.32,34.82,19.16,0
2056,17.99,27.47,34.79,19.50,0
2057,18.80,27.71,34.63,19.74,0
2058,18.89,27.14,35.12,19.07,0
2059,19.32,27.25,34.89,18.88,0
2060,19.32,27.03,35.04,18.77,0
2061,19.66,26.97,35.06,18.85,0
2062,21.32,26.68,35.31,18.69,0
2063,20.41,26.00,35.99,18.03,0
2064,20.61,26.49,35.95,18.08,0
2065,20.28,25.99,35.82,18.41,0
2066,19.39,26.21,35.83,18.45,0
2067,18.61,26.81,35.22,18.95,0
2068,17.81,27.36,34.87,19.39,0
2069,17.58,27.44,34.30,19.35,0
2070,18.10,27.69,34.14,19.84,0
2071,18.13,27.21,34.35,19.65,0
2072,18.03,27.53,34.32,19.68,0
2073,16.98,27.35,34.48,19.40,0
2074,16.67,28.25,33.75,20.07,0
2075,17.39,27.99,33.95,20.04,0
2076,15.28,27.86,34.23,19.69,0
2077,16.14,28.70,33.02,20.91,0
2078,16.17,28.34,33.77,20.43,0
2079,16.87,28.22,33.40,20.26,0
2080,16.25,28.12,33.90,20.30,0
2081,16.86,28.53,33.46,20.39,0
2082,16.46,28.06,33.86,20.12,0
2083,17.39,28.22,33.79,20.11,0
2084,19.21,27.86,34.12,19.94,0
2085,21.58,26.74,35.19,18.91,0
2086,21.08,25.47,36.39,17.71,0
2087,21.66,25.71,36.12,17.80,0
2088,21.61,25.76,36.31,17.45,0
2089,21.74,25.89,36.20,17.69,0
2090,22.53,25.48,36.25,17.53,0
2091,20.74,25.10,36.71,17.43,0
2092,21.32,26.07,35.84,17.90,0
2093,20.08,25.98,36.40,18.06,0
2094,18.59,26.65,35.41,18.52,0
2095,17.94,27.01,34.83,19.29,0
2096,17.97,27.72,34.28,19.29,0
2097,18.00,27.66,34.46,19.74,0
2098,19.70,27.57,34.35,19.43,0
2099,20.58,26.72,35.26,18.47,0
2100,20.03,26.17,35.77,18.01,0
2101,21.86,26.56,35.39,18.57,0
2102,22.59,25.41,36.46,17.39,0
2103,22.37,25.13,36.68,17.32,0
2104,21.83,25.10,36.72,17.42,0
2105,20.62,25.44,36.31,17.57,0
2106,21.59,26.11,35.99,18.31,0
2107,22.48,25.92,36.20,17.57,0
2108,20.75,25.47,36.71,17.24,0
2109,20.12,26.15,35.88,18.13,0
2110,20.62,26.32,35.65,18.50,0
2111,20.79,26.25,35.98,18.37,0
2112,22.61,26.09,36.05,17.97,0
2113,22.75,24.95,36.60,17.03,0
2114,23.82,25.17,36.72,16.96,0
2115,24.18,24.64,37.27,16.61,0
2116,24.97,24.63,37.52,16.34,0
2117,26.19,24.21,38.18,16.21,0
2118,25.97,23.21,38.50,15.64,0
2119,26.24,23.40,38.30,15.44,0
2120,26.45,23.55,38.38,15.57,0
2121,26.45,23.03,38.89,15.36,0
2122,25.42,23.05,38.72,15.17,0
2123,24.09,23.91,38.20,15.99,0
2124,23.16,24.34,37.37,16.33,0
2125,23.08,24.86,37.02,17.13,0
2126,25.54,25.09,36.86,16.72,0
2127,24.70,23.97,38.07,15.70,0
2128,23.74,24.22,37.87,16.34,0
2129,22.61,24.47,37.35,16.84,0
2130,24.33,24.97,36.64,17.08,0
2131,25.72,24.34,37.68,16.11,0
2132,24.32,23.87,38.48,15.84,0
2133,25.04,24.37,37.48,16.22,0
2134,25.79,23.79,38.07,16.09,0
2135,26.96,23.40,38.45,15.42,0
2136,27.75,22.83,38.80,15.23,0
2137,28.02,22.38,39.46,14.41,0
2138,29.68,22.48,39.46,14.26,0
2139,30.35,21.74,40.21,13.90,0
2140,32.23,21.28,40.92,13.31,0
2141,31.13,20.32,41.75,12.42,0
2142,29.67,20.93,40.95,13.05,0
2143,28.45,21.42,40.22,13.82,0
2144,27.61,22.38,39.89,14.35,0
2145,26.24,22.55,39.42,14.94,0
2146,28.04,23.43,38.45,15.45,0
2147,27.92,22.64,39.42,14.58,0
2148,27.20,22.77,39.27,14.53,0
2149,27.37,22.88,39.02,14.85,0
2150,27.16,22.76,39.39,15.01,0
2151,27.39,23.13,39.25,15.12,0
2152,25.77,22.79,38.97,14.73,0
2153,26.85,23.43,38.16,15.51,0
2154,24.32,22.97,38.92,14.94,0
2155,24.77,24.28,37.63,16.33,0
2156,25.00,24.27,37.98,16.27,0
2157,25.23,23.81,38.06,15.80,0
2158,25.69,23.76,38.06,15.98,0
2159,25.80,23.87,38.26,15.82,0
2160,23.67,23.80,38.25,15.65,0
2161,22.51,24.68,37.39,16.89,0
2162,22.14,25.49,36.62,17.07,0
2163,21.75,25.39,36.75,17.46,0
2164,21.72,25.84,36.52,17.40,0
2165,23.93,25.59,36.47,17.68,0
2166,22.90,24.56,37.32,16.33,0
2167,23.33,25.24,36.83,17.16,0
2168,21.81,24.80,37.16,16.59,0
2169,21.96,25.45,36.20,17.71,0
2170,22.24,25.30,36.66,17.67,0
2171,23.70,25.33,36.38,17.22,0
2172,23.91,24.65,37.34,16.64,0
2173,23.92,24.41,37.22,16.49,0
2174,24.21,24.74,37.25,16.61,0
2175,23.62,24.60,37.57,16.54,0
2176,24.27,24.63,37.50,16.56,0
2177,23.53,24.51,37.86,16.59,0
2178,23.18,24.94,37.15,16.64,0
2179,22.93,25.14,37.23,16.82,0
2180,21.89,24.95,37.02,17.05,0
2181,24.47,25.37,36.33,17.36,0
2182,24.30,24.08,37.61,16.13,0
2183,23.30,24.37,37.49,16.42,0
2184,22.65,24.78,37.07,16.74,0
2185,21.77,25.14,36.75,17.31,0
2186,21.44,25.43,36.38,17.42,0
2187,21.57,25.83,36.22,17.58,0
2188,21.23,25.80,36.04,17.73,0
2189,21.53,26.06,36.24,18.04,0
2190,21.43,25.51,36.32,17.90,0
2191,19.73,25.91,36.00,17.74,0
2192,20.55,26.41,35.44,18.80,0
2193,21.28,26.42,35.80,18.40,0
2194,21.19,25.99,35.94,17.65,0
2195,20.35,26.02,36.17,17.85,0
2196,18.74,26.12,35.63,18.25,0
2197,18.59,27.20,34.98,19.22,0
2198,19.34,26.97,34.79,19.44,0
2199,19.79,27.05,35.36,18.92,0
2200,17.31,26.84,35.35,18.65,0
2201,19.00,28.09,34.25,19.65,0
2202,20.21,27.23,34.77,18.83,0
2203,19.14,26.48,35.77,18.61,0
2204,19.81,26.85,35.24,19.17,0
2205,19.62,26.77,35.57,18.61,0
2206,19.15,26.51,35.07,18.83,0
2207,19.47,26.82,35.23,18.90,0
2208,20.56,26.56,35.26,18.88,0
2209,18.83,26.13,35.71,18.09,0
2210,16.64,26.84,34.81,19.10,0
2211,14.22,28.03,33.80,20.19,0
2212,15.00,29.44,32.76,21.36,0
2213,15.42,29.02,32.99,20.84,0
2214,18.02,28.56,33.41,20.94,0
2215,19.40,27.54,34.54,19.69,0
2216,20.19,26.56,35.43,18.69,0
2217,19.69,26.32,35.67,18.22,0
2218,20.48,26.83,35.44,18.87,0
2219,20.00,26.22,35.93,18.31,0
2220,20.28,26.58,35.74,18.37,0
2221,20.23,26.37,35.82,18.32,0
2222,19.95,26.47,35.55,18.44,0
2223,18.45,26.64,35.57,18.48,0
2224,18.92,27.24,34.68,19.11,0
2225,18.97,26.84,34.91,19.06,0
2226,20.40,27.20,35.00,19.15,0
2227,20.75,26.08,35.91,18.25,0
2228,21.10,26.21,35.97,17.93,0
2229,23.16,26.03,36.01,18.14,0
2230,25.08,25.16,36.93,17.09,0
2231,26.29,23.78,37.86,16.02,0
2232,26.03,23.51,38.43,15.55,0
2233,26.53,23.54,38.28,15.24,0
2234,25.82,23.17,38.66,15.12,0
2235,26.84,23.44,38.50,15.82,0
2236,27.59,22.84,38.96,15.33,0
2237,28.92,22.78,39.46,14.78,0
2238,29.86,22.12,39.86,13.89,0
2239,29.22,21.82,40.47,13.69,0
2240,29.19,21.82,39.99,13.95,0
2241,30.13,21.92,40.33,14.08,0
2242,29.17,21.61,40.68,13.22,0
2243,30.19,22.15,40.32,13.83,0
2244,31.51,21.16,40.79,13.39,0
2245,29.67,20.61,41.35,12.86,0
2246,31.27,21.42,40.37,13.44,0
2247,32.17,20.86,41.14,12.66,0
2248,33.63,20.57,41.42,12.29,0
2249,33.61,19.90,42.16,11.61,0
2250,31.66,19.92,42.47,11.48,0
2251,33.13,20.60,41.28,12.59,0
2252,32.35,19.84,42.01,11.70,0
2253,33.30,20.27,41.43,12.44,0
2254,32.98,19.70,42.39,11.78,0
2255,33.00,20.21,41.80,12.15,0
2256,32.44,20.16,42.20,11.95,0
2257,32.02,20.42,41.62,12.26,0
2258,30.31,20.55,41.41,12.31,0
2259,30.51,21.13,40.65,13.11,0
2260,29.74,21.28,40.71,13.12,0
2261,29.53,21.45,40.27,13.59,0
2262,28.33,21.53,40.12,13.91,0
2263,28.05,22.20,39.51,14.51,0
2264,28.63,22.58,39.49,14.52,0
2265,27.81,22.26,39.78,13.99,0
2266,26.77,22.59,39.52,14.63,0
2267,29.33,23.05,39.05,15.23,0
2268,28.11,21.66,40.13,13.59,0
2269,26.72,22.48,39.68,14.25,0
2270,25.62,22.95,38.71,15.27,0
2271,23.69,23.93,38.47,15.66,0
2272,22.39,24.80,37.48,16.76,0
2273,22.42,25.14,36.84,17.42,0
2274,21.57,25.11,36.78,17.15,0
2275,21.39,25.68,36.45,17.47,0
2276,20.51,25.62,36.36,17.97,0
2277,22.16,26.06,36.00,18.21,0
2278,23.55,25.66,36.38,17.57,0
2279,23.52,24.52,37.17,16.52,0
2280,23.43,24.93,37.10,16.88,0
2281,22.87,24.54,37.04,16.82,0
2282,22.10,25.18,37.18,16.99,0
2283,20.63,25.49,36.74,17.49,0
2284,20.36,26.14,36.03,18.04,0
2285,19.54,26.16,35.79,18.27,0
2286,20.98,26.58,35.09,18.67,0
2287,22.77,26.09,36.23,17.79,0
2288,22.41,25.10,37.09,16.94,0
2289,22.07,25.43,36.62,17.26,0
2290,22.77,25.35,36.34,17.27,0
2291,22.42,24.95,36.67,16.94,0
2292,21.61,25.15,36.87,17.32,0
2293,23.14,25.46,36.24,17.63,0
2294,22.80,25.06,37.10,16.96,0
2295,23.15,25.11,36.82,17.24,0
2296,22.12,24.82,37.17,16.99,0
2297,22.88,25.27,36.67,17.33,0
2298,21.45,24.93,36.84,17.24,0
2299,22.74,25.54,36.13,17.89,0
2300,23.06,25.27,36.95,16.93,0
2301,21.87,25.13,37.15,16.93,0
2302,23.29,25.45,36.23,17.34,0
2303,22.22,24.63,37.31,16.98,0
2304,20.94,25.48,36.77,17.43,0
2305,19.94,25.82,35.93,18.11,0
2306,21.26,26.56,35.70,18.34,0
2307,19.70,25.97,36.02,17.67,0
2308,20.56,26.80,35.21,18.65,0
2309,21.28,26.39,35.79,18.38,0
2310,21.54,25.63,36.10,17.64,0
2311,23.10,25.88,36.02,17.72,0
2312,22.78,25.12,37.18,16.98,0
2313,23.55,25.07,37.06,17.18,0
2314,24.84,24.91,37.08,16.95,0
2315,24.73,23.94,38.00,16.30,0
2316,24.40,24.29,38.04,16.17,0
2317,26.34,24.39,37.71,16.27,0
2318,25.67,23.44,38.84,15.08,0
2319,24.55,23.51,38.42,15.63,0
2320,23.32,24.15,37.79,16.34,0
2321,21.97,25.05,37.34,16.77,0
2322,23.07,25.34,36.32,17.58,0
2323,23.54,25.04,37.21,17.21,0
2324,23.86,24.78,37.16,16.96,0
2325,23.32,24.59,37.32,16.40,0
2326,22.38,24.76,37.36,16.87,0
2327,23.50,25.22,36.51,17.18,0
2328,22.67,24.78,37.34,16.94,0
2329,23.51,25.13,36.76,17.17,0
2330,24.11,24.75,37.20,16.90,0
2331,22.72,24.54,37.56,16.43,0
2332,23.23,25.17,36.65,16.98,0
2333,22.73,25.04,37.08,16.94,0
2334,22.69,25.14,36.84,17.02,0
2335,24.07,25.08,36.65,17.11,0
2336,25.51,24.59,37.43,16.53,0
2337,27.57,23.61,38.42,15.63,0
2338,29.45,22.55,39.45,14.66,0
2339,29.71,21.72,40.16,13.91,0
2340,28.58,21.62,40.36,13.59,0
2341,28.13,22.29,39.84,14.37,0
2342,28.08,22.21,39.34,14.27,0
2343,28.05,22.66,39.68,14.29,0
2344,27.56,22.40,39.73,14.45,0
2345,27.39,22.91,39.41,14.52,0
2346,28.53,22.59,39.39,14.62,0
2347,27.60,22.09,39.74,14.20,0
2348,27.63,22.91,39.29,14.72,0
2349,26.42,22.80,39.47,14.55,0
2350,25.82,23.20,38.87,15.49,0
2351,26.16,23.77,38.46,15.70,0
2352,28.17,23.44,38.74,15.33,0
2353,26.73,22.41,39.80,14.28,0
2354,27.08,23.34,38.64,15.30,0
2355,26.60,23.17,38.96,14.98,0
2356,27.44,23.17,38.72,15.44,0
2357,27.46,22.86,39.36,14.88,0
2358,28.27,22.75,39.27,14.60,0
2359,29.74,22.25,39.70,14.52,0
2360,28.43,21.61,40.35,13.63,0
2361,27.67,22.43,39.66,14.37,0
2362,28.73,22.68,39.17,14.65,0
2363,29.17,22.11,39.83,14.26,0
2364,29.53,22.09,40.25,13.71,0
2365,29.25,21.98,40.48,13.75,0
2366,30.87,21.81,40.08,14.00,0
2367,32.75,20.90,40.86,12.90,0
2368,33.73,20.09,41.81,12.30,0
2369,34.69,19.68,42.23,11.69,0
2370,35.42,19.40,42.76,10.99,0
2371,37.11,18.79,43.23,10.55,0
2372,35.84,17.91,44.26,10.00,0
2373,35.19,18.49,43.33,10.80,0
2374,35.81,18.89,43.27,10.83,0
2375,37.53,18.40,43.43,10.47,0
2376,38.33,17.51,44.44,9.53,0
2377,38.07,17.46,44.68,9.19,0
2378,38.17,17.60,44.47,9.48,0
2379,36.34,17.40,44.44,9.37,0
2380,35.23,18.28,43.56,10.26,0
2381,38.22,18.80,43.27,10.98,0
2382,38.09,17.15,44.57,9.49,0
2383,37.53,17.53,44.37,9.50,0
2384,36.24,17.73,44.43,9.75,0
2385,34.91,18.25,43.72,10.42,0
2386,33.96,19.17,43.04,11.27,0
2387,34.03,19.67,42.32,11.73,0
2388,34.02,19.58,42.43,11.42,0
2389,33.51,19.71,42.54,11.62,0
2390,34.51,19.99,42.32,11.77,0
2391,33.77,19.47,42.74,11.09,0
2392,34.56,19.75,42.61,11.49,0
2393,34.32,19.45,42.86,11.12,0
2394,34.37,19.37,42.50,11.31,0
2395,34.42,19.48,42.76,11.56,0
2396,35.51,19.35,42.46,11.34,0
2397,35.22,18.85,43.50,10.76,0
2398,34.81,18.99,43.27,10.69,0
2399,35.39,18.92,43.07,10.88,0
